3DBRBG28Lx1R5FCeQDT21dNz7RfQTBo2kH,1KiFJ7CPH6hAeUxmz5tZF1TfSZzTCr6vpy
388dJweb19G7YEecN6pxrm4BKF1FVueCte,1KiFJ7CPH6hAeUxmz5tZF1TfSZzTCr6vpy
398MaRQxXsroxPbH9jM8BqJpTXLZhv6s4U,1KiFJ7CPH6hAeUxmz5tZF1TfSZzTCr6vpy
3Bv2eBKT3MXQDTZF7sCez3KnRxQ3patDx3,1KiFJ7CPH6hAeUxmz5tZF1TfSZzTCr6vpy
3AaHAbyEx9NTo8BXdFqyVyscaLowcUpecv,1KiFJ7CPH6hAeUxmz5tZF1TfSZzTCr6vpy
361F3gb8jGX4N4hbKUpwnHepxbsYfgHtzu,1KiFJ7CPH6hAeUxmz5tZF1TfSZzTCr6vpy
3ECALB9QmrFYRf8awgWUzT4L9Wubg5YP4K,1KiFJ7CPH6hAeUxmz5tZF1TfSZzTCr6vpy
3H5oQipLU1mAnvSV5gK2tAr5AFMhQ3evan,1KiFJ7CPH6hAeUxmz5tZF1TfSZzTCr6vpy
3K8GYWTfzp6Zf4Wdv7PFUfKFcJN2v2Zatf,1KiFJ7CPH6hAeUxmz5tZF1TfSZzTCr6vpy
36zK4VuTnLfH5puXZ14sHGWSp1SW3ZeKRj,1KiFJ7CPH6hAeUxmz5tZF1TfSZzTCr6vpy
3KzukvyDZPT6B6SPuGqqBbwdoLW8q9heEd,1KiFJ7CPH6hAeUxmz5tZF1TfSZzTCr6vpy
3Af48nN7dNRShM9E4eid6urXHojr3ycp82,1KiFJ7CPH6hAeUxmz5tZF1TfSZzTCr6vpy
3A9jDeUPF3AmTbUx8CbFoXi9AVf32piv9z,1KiFJ7CPH6hAeUxmz5tZF1TfSZzTCr6vpy
3H6jcQ2RZAfJrgHaJ7shuJLC7GL8uWD4Gn,1KiFJ7CPH6hAeUxmz5tZF1TfSZzTCr6vpy
3H4c3kTGT1hx5eduKQMnbBNYfXLen2qFYo,1KiFJ7CPH6hAeUxmz5tZF1TfSZzTCr6vpy
3DGLxV4ywiAMvNP7PgveiRn5NYv8mwrndw,1KiFJ7CPH6hAeUxmz5tZF1TfSZzTCr6vpy
3LBeWfV5ft5BX9dUyEizY67iBsGpynNENL,1KiFJ7CPH6hAeUxmz5tZF1TfSZzTCr6vpy
37qYAbGWEDtA8aEupy9ihvUMhfKH1xhFHs,1KiFJ7CPH6hAeUxmz5tZF1TfSZzTCr6vpy
3Hh9WMXrMtVH4Z9sgUPNpJUcEWz5nr8qj7,1KiFJ7CPH6hAeUxmz5tZF1TfSZzTCr6vpy
3Ds8JNTBcrzDcDeqtaLVZLC9zinr6tQgSu,1KiFJ7CPH6hAeUxmz5tZF1TfSZzTCr6vpy
3BuUrfim3pyQGHsA2QGxncroZeUqEjR6DN,1KiFJ7CPH6hAeUxmz5tZF1TfSZzTCr6vpy
35VpdryshyfHygLztJppuq7wGK9tGAY1Fz,1KiFJ7CPH6hAeUxmz5tZF1TfSZzTCr6vpy
1KiFJ7CPH6hAeUxmz5tZF1TfSZzTCr6vpy,3KnsNXTYB6kPGzjEebCcnTSf1y3mNpPuUG
35Se1H63SWMob1fnq79uYrenVUgLvTsL2V,3HVRCD1RShHgHJKeCSj2zQZ2Gn4Rc7g5sM
35Se1H63SWMob1fnq79uYrenVUgLvTsL2V,1Mbg9mtCVzcKKVURCqJuUEvTMPMJqsv9pc
35Se1H63SWMob1fnq79uYrenVUgLvTsL2V,1LeDzNySDGQQCNcHj2Wy4WfP1fRwzTKYq8
35Se1H63SWMob1fnq79uYrenVUgLvTsL2V,12TeZmJ1UvcEV4VTFVdwTjjPJnhrTBJ9cV
35Se1H63SWMob1fnq79uYrenVUgLvTsL2V,3HtqQ9sUy9UGTfReUMdiDHyubnkVDdPruW
1HXpg8D9AMGFVZ9FEU2tkZYvAZ8xBhVudo,1CrA9Hmu1ZrqZtSytXKGEo5xC3zuteKSfT
1KmgmUwx2WZnih1pFCtA9wo3X28npNptBM,1CrA9Hmu1ZrqZtSytXKGEo5xC3zuteKSfT
1J5k9ddH7Cxd28otpdXTEyWVYwFFk2gqnT,1CrA9Hmu1ZrqZtSytXKGEo5xC3zuteKSfT
1MTjxm2WNzeK1ELgHu29E3hNzxq1TuSyLj,1CrA9Hmu1ZrqZtSytXKGEo5xC3zuteKSfT
1CUK7irAQmM6ma3JYn634bJepMfDam5NF9,1CrA9Hmu1ZrqZtSytXKGEo5xC3zuteKSfT
1CrA9Hmu1ZrqZtSytXKGEo5xC3zuteKSfT,1Kbz3gBGmC5bNAYgM2L2kDNL1BcAUBdXE
1CrA9Hmu1ZrqZtSytXKGEo5xC3zuteKSfT,1vqaddwUTxeMt519ATKWXQjWhmD4FsD9J
1CrA9Hmu1ZrqZtSytXKGEo5xC3zuteKSfT,13rSBa9fZ5TFoqDb1LxYMRzcxgmMCYAFHS
1CrA9Hmu1ZrqZtSytXKGEo5xC3zuteKSfT,1GAiHxUiTgahAJU3YP95m2KeFy5YrwJMA6
1CrA9Hmu1ZrqZtSytXKGEo5xC3zuteKSfT,1JyC5RkvmwPx3eTnY9is6zgiZ1EFBNBnRQ
1CrA9Hmu1ZrqZtSytXKGEo5xC3zuteKSfT,1N5YVgA53r5dLs7mc2adVhbtEfmrCsAyjx
1CrA9Hmu1ZrqZtSytXKGEo5xC3zuteKSfT,1PShBWAsEoFEr9Ho3EjD4byTmmvXK1k7u6
1CrA9Hmu1ZrqZtSytXKGEo5xC3zuteKSfT,14J5iCAFJyRziXQpEPg9AJbRF4KLr28zns
1LbigKrgzWC2dc3EJrezqhWsNb7XWNjfJW,1QL3bkRq6UdQLVfpB6Jth4EdTwFcq57daA
1L8pJ8ZX5kqeBgdRneonaPU7uNJ1p223vW,1QL3bkRq6UdQLVfpB6Jth4EdTwFcq57daA
15oeZPmmvmPrkpfiAkRPzFt5t74YVLUJTX,1QL3bkRq6UdQLVfpB6Jth4EdTwFcq57daA
1Mm5vmhLxmFetaEpUi5JtJMmzu8bgbDu8,1QL3bkRq6UdQLVfpB6Jth4EdTwFcq57daA
1DcSAL6iqbSxriop7ReCWAQuyzTNDeEp7y,1QL3bkRq6UdQLVfpB6Jth4EdTwFcq57daA
1Jdrm3nDqsKrydcRoxwmzm66YDkbm7Kho6,1QL3bkRq6UdQLVfpB6Jth4EdTwFcq57daA
1HmUCK9SUFNX8LqafHYEWXBt4kZHnRybFs,1QL3bkRq6UdQLVfpB6Jth4EdTwFcq57daA
155jqVByd9vw5eif47SjtXzhmpTdmw4Us5,1QL3bkRq6UdQLVfpB6Jth4EdTwFcq57daA
1CLDsH8AKYNWU4JeHXbGShFfXTQ8cChzMe,1QL3bkRq6UdQLVfpB6Jth4EdTwFcq57daA
1LwCUua9pPkUfgeMzqivNAJLe9rmYvAFcf,1QL3bkRq6UdQLVfpB6Jth4EdTwFcq57daA
15YSDtE11Mq4AQzGE2yzxJU7iqqMdgiAb8,1QL3bkRq6UdQLVfpB6Jth4EdTwFcq57daA
1QEAxwcBBEg7YEuDuMVLJXFoKgAGHWiHMm,1QL3bkRq6UdQLVfpB6Jth4EdTwFcq57daA
1JWxPWuqU7rUQJn1m7Ucu8Km2A3FWgnGer,1QL3bkRq6UdQLVfpB6Jth4EdTwFcq57daA
1LmiCWGWcahFKHM3a7jGhWhj4TbRWRWMKi,1QL3bkRq6UdQLVfpB6Jth4EdTwFcq57daA
1jA8U3P6Vxibj44mAEn3mV6ojsBeCFLZX,1QL3bkRq6UdQLVfpB6Jth4EdTwFcq57daA
14rfSRY9YSapXHNHZQ113FZ19q7tAyHRr8,1QL3bkRq6UdQLVfpB6Jth4EdTwFcq57daA
1F19gxDuJfzabt6XPb9EKu92AMdF1hBie,1QL3bkRq6UdQLVfpB6Jth4EdTwFcq57daA
1LRvS2nPdwAja1RkGkvcnjuXWkU1czet61,1QL3bkRq6UdQLVfpB6Jth4EdTwFcq57daA
1HyUuhjfyRQjfr7YhMGbZTrT3xwnyNe3Me,1QL3bkRq6UdQLVfpB6Jth4EdTwFcq57daA
1GzRVo9XuYKA4Jr8Ykxa7HKi8V46jJTJsV,1QL3bkRq6UdQLVfpB6Jth4EdTwFcq57daA
1Cz8Ap7k15GVrf68o4WKo1AxEx1rGP5BKz,1QL3bkRq6UdQLVfpB6Jth4EdTwFcq57daA
1qBA8uQPELV8Ya6SFDzV13batj5UuQ67Q,1QL3bkRq6UdQLVfpB6Jth4EdTwFcq57daA
1JYJHDDcqs4tWboRpbXWuFFj9rC5tRjeFy,1QL3bkRq6UdQLVfpB6Jth4EdTwFcq57daA
1KJ6YVQ2cB5rCZGoLwPcEHzmtkBp32q2D9,1QL3bkRq6UdQLVfpB6Jth4EdTwFcq57daA
1DJVrqaFmvqRv9x2ex64cFCA4LneGATz35,1QL3bkRq6UdQLVfpB6Jth4EdTwFcq57daA
1BFCG4FHXE3PvwdjHUADbfu1D2h5n6nnkz,1QL3bkRq6UdQLVfpB6Jth4EdTwFcq57daA
1JWJagsGCzMQcEw5uQjvRGV8ZbkGFmsSHS,1QL3bkRq6UdQLVfpB6Jth4EdTwFcq57daA
1DG6inTfUKSoj3ATyaLNoPB6kyXyULAdpb,1QL3bkRq6UdQLVfpB6Jth4EdTwFcq57daA
1HBUiNCXyHCB6gKSXX8aPo24jtokrGuFQG,1QL3bkRq6UdQLVfpB6Jth4EdTwFcq57daA
16uGcKCb5HXLuhaS4azStjsyShBuDC8Zm9,1QL3bkRq6UdQLVfpB6Jth4EdTwFcq57daA
1QGJMnZd5wks3R52vGA5W2KMAiHeWWjXbp,1QL3bkRq6UdQLVfpB6Jth4EdTwFcq57daA
1KzxyGUnkRemLfpJuPtt3dmpNb1R4rMvhr,1QL3bkRq6UdQLVfpB6Jth4EdTwFcq57daA
1PW1oh9m6mW1EBvBZuVcjVq87etRKCvWX3,1QL3bkRq6UdQLVfpB6Jth4EdTwFcq57daA
147beJacjUUvRCQsZEEzGNM4Hx75JnNUUQ,1QL3bkRq6UdQLVfpB6Jth4EdTwFcq57daA
1EPnvz27wVqqjfcJBLgJqZ6ZQVFNY7ZCH3,1QL3bkRq6UdQLVfpB6Jth4EdTwFcq57daA
1Gnkgs1FwXJVLUCDuxgSwCDKGufQzgE4WK,1QL3bkRq6UdQLVfpB6Jth4EdTwFcq57daA
1EpgbpbMqezZ1cQtuV6EBeUdw1yEvEqaDw,1QL3bkRq6UdQLVfpB6Jth4EdTwFcq57daA
1QL3bkRq6UdQLVfpB6Jth4EdTwFcq57daA,19Eh3hB7TV4ykE6BQtzjNtZ5WHehoejBh3
1QL3bkRq6UdQLVfpB6Jth4EdTwFcq57daA,13pHYmNYfeoJyBfeq8oAEWfpag26Xzs5px
36zK4VuTnLfH5puXZ14sHGWSp1SW3ZeKRj,36feKRBptzBh3AN1ydg7RjWepYzVrV9pP7
39FBbNTyH6HUyFsMrRaSzyQWnZBehhGbyG,3A9jDeUPF3AmTbUx8CbFoXi9AVf32piv9z
3FAfGGVRdNF2fikZ73gchFysdyq33NTCm9,3A9jDeUPF3AmTbUx8CbFoXi9AVf32piv9z
1HXpg8D9AMGFVZ9FEU2tkZYvAZ8xBhVudo,1Ff8B4N3wgoRRT8Qsagw2bR9zeZNATjuE6
3Fr3RiX8VtSG8ty3SprgsPvJSfjuErzefm,3A9jDeUPF3AmTbUx8CbFoXi9AVf32piv9z
31h8xjjZGSU8Z2HczswSRJvYrV73wG47Fo,3A9jDeUPF3AmTbUx8CbFoXi9AVf32piv9z
1HXpg8D9AMGFVZ9FEU2tkZYvAZ8xBhVudo,16dTaCVDr7cs1jHTwawjVREtRG6rxgrMwy
3DbDJMZuYoVH7BSSdiiaaAw4ykyNr9e3UF,3HtqQ9sUy9UGTfReUMdiDHyubnkVDdPruW
3DBRBG28Lx1R5FCeQDT21dNz7RfQTBo2kH,1JgUPAwXHziMKEV48bDtohm43dpLYPXKQs
3CC1b6f5SLn3wrsj477Ds7waDDGtNULaRv,3A9jDeUPF3AmTbUx8CbFoXi9AVf32piv9z
3FGconJbcfk2g9t2CmNoS79HfYU3jVVgTp,3HtqQ9sUy9UGTfReUMdiDHyubnkVDdPruW
3QqGZw7WZjrn7txMezTnfEYLe11afSPGc1,3A9jDeUPF3AmTbUx8CbFoXi9AVf32piv9z
1HXpg8D9AMGFVZ9FEU2tkZYvAZ8xBhVudo,1CHDqo1pyTTpS3QZGk8Wm7JnV9fDqpfKjW
1LbigKrgzWC2dc3EJrezqhWsNb7XWNjfJW,1AFYWUQy7UTLiQ8SKJdEKNN2mgrUsXv8va
1L8pJ8ZX5kqeBgdRneonaPU7uNJ1p223vW,1AFYWUQy7UTLiQ8SKJdEKNN2mgrUsXv8va
15oeZPmmvmPrkpfiAkRPzFt5t74YVLUJTX,1AFYWUQy7UTLiQ8SKJdEKNN2mgrUsXv8va
1Mm5vmhLxmFetaEpUi5JtJMmzu8bgbDu8,1AFYWUQy7UTLiQ8SKJdEKNN2mgrUsXv8va
1DcSAL6iqbSxriop7ReCWAQuyzTNDeEp7y,1AFYWUQy7UTLiQ8SKJdEKNN2mgrUsXv8va
1Jdrm3nDqsKrydcRoxwmzm66YDkbm7Kho6,1AFYWUQy7UTLiQ8SKJdEKNN2mgrUsXv8va
1HmUCK9SUFNX8LqafHYEWXBt4kZHnRybFs,1AFYWUQy7UTLiQ8SKJdEKNN2mgrUsXv8va
155jqVByd9vw5eif47SjtXzhmpTdmw4Us5,1AFYWUQy7UTLiQ8SKJdEKNN2mgrUsXv8va
1CLDsH8AKYNWU4JeHXbGShFfXTQ8cChzMe,1AFYWUQy7UTLiQ8SKJdEKNN2mgrUsXv8va
1LwCUua9pPkUfgeMzqivNAJLe9rmYvAFcf,1AFYWUQy7UTLiQ8SKJdEKNN2mgrUsXv8va
15YSDtE11Mq4AQzGE2yzxJU7iqqMdgiAb8,1AFYWUQy7UTLiQ8SKJdEKNN2mgrUsXv8va
1QEAxwcBBEg7YEuDuMVLJXFoKgAGHWiHMm,1AFYWUQy7UTLiQ8SKJdEKNN2mgrUsXv8va
1JWxPWuqU7rUQJn1m7Ucu8Km2A3FWgnGer,1AFYWUQy7UTLiQ8SKJdEKNN2mgrUsXv8va
1LmiCWGWcahFKHM3a7jGhWhj4TbRWRWMKi,1AFYWUQy7UTLiQ8SKJdEKNN2mgrUsXv8va
1jA8U3P6Vxibj44mAEn3mV6ojsBeCFLZX,1AFYWUQy7UTLiQ8SKJdEKNN2mgrUsXv8va
14rfSRY9YSapXHNHZQ113FZ19q7tAyHRr8,1AFYWUQy7UTLiQ8SKJdEKNN2mgrUsXv8va
1F19gxDuJfzabt6XPb9EKu92AMdF1hBie,1AFYWUQy7UTLiQ8SKJdEKNN2mgrUsXv8va
1LRvS2nPdwAja1RkGkvcnjuXWkU1czet61,1AFYWUQy7UTLiQ8SKJdEKNN2mgrUsXv8va
1HyUuhjfyRQjfr7YhMGbZTrT3xwnyNe3Me,1AFYWUQy7UTLiQ8SKJdEKNN2mgrUsXv8va
1GzRVo9XuYKA4Jr8Ykxa7HKi8V46jJTJsV,1AFYWUQy7UTLiQ8SKJdEKNN2mgrUsXv8va
1Cz8Ap7k15GVrf68o4WKo1AxEx1rGP5BKz,1AFYWUQy7UTLiQ8SKJdEKNN2mgrUsXv8va
1qBA8uQPELV8Ya6SFDzV13batj5UuQ67Q,1AFYWUQy7UTLiQ8SKJdEKNN2mgrUsXv8va
1JYJHDDcqs4tWboRpbXWuFFj9rC5tRjeFy,1AFYWUQy7UTLiQ8SKJdEKNN2mgrUsXv8va
1KJ6YVQ2cB5rCZGoLwPcEHzmtkBp32q2D9,1AFYWUQy7UTLiQ8SKJdEKNN2mgrUsXv8va
1DJVrqaFmvqRv9x2ex64cFCA4LneGATz35,1AFYWUQy7UTLiQ8SKJdEKNN2mgrUsXv8va
1BFCG4FHXE3PvwdjHUADbfu1D2h5n6nnkz,1AFYWUQy7UTLiQ8SKJdEKNN2mgrUsXv8va
1JWJagsGCzMQcEw5uQjvRGV8ZbkGFmsSHS,1AFYWUQy7UTLiQ8SKJdEKNN2mgrUsXv8va
1DG6inTfUKSoj3ATyaLNoPB6kyXyULAdpb,1AFYWUQy7UTLiQ8SKJdEKNN2mgrUsXv8va
1HBUiNCXyHCB6gKSXX8aPo24jtokrGuFQG,1AFYWUQy7UTLiQ8SKJdEKNN2mgrUsXv8va
16uGcKCb5HXLuhaS4azStjsyShBuDC8Zm9,1AFYWUQy7UTLiQ8SKJdEKNN2mgrUsXv8va
1QGJMnZd5wks3R52vGA5W2KMAiHeWWjXbp,1AFYWUQy7UTLiQ8SKJdEKNN2mgrUsXv8va
1KzxyGUnkRemLfpJuPtt3dmpNb1R4rMvhr,1AFYWUQy7UTLiQ8SKJdEKNN2mgrUsXv8va
1PW1oh9m6mW1EBvBZuVcjVq87etRKCvWX3,1AFYWUQy7UTLiQ8SKJdEKNN2mgrUsXv8va
147beJacjUUvRCQsZEEzGNM4Hx75JnNUUQ,1AFYWUQy7UTLiQ8SKJdEKNN2mgrUsXv8va
1EPnvz27wVqqjfcJBLgJqZ6ZQVFNY7ZCH3,1AFYWUQy7UTLiQ8SKJdEKNN2mgrUsXv8va
1Gnkgs1FwXJVLUCDuxgSwCDKGufQzgE4WK,1AFYWUQy7UTLiQ8SKJdEKNN2mgrUsXv8va
1EpgbpbMqezZ1cQtuV6EBeUdw1yEvEqaDw,1AFYWUQy7UTLiQ8SKJdEKNN2mgrUsXv8va
33v8FZZebjHsq4dpdmiwxdueytAJeqRdZr,3A9jDeUPF3AmTbUx8CbFoXi9AVf32piv9z
34zUnxEij23A7sYpoTMCs5Po2pkH7jjKpG,3HtqQ9sUy9UGTfReUMdiDHyubnkVDdPruW
1KiFJ7CPH6hAeUxmz5tZF1TfSZzTCr6vpy,3DBRBG28Lx1R5FCeQDT21dNz7RfQTBo2kH
1KiFJ7CPH6hAeUxmz5tZF1TfSZzTCr6vpy,388dJweb19G7YEecN6pxrm4BKF1FVueCte
1KiFJ7CPH6hAeUxmz5tZF1TfSZzTCr6vpy,398MaRQxXsroxPbH9jM8BqJpTXLZhv6s4U
1KiFJ7CPH6hAeUxmz5tZF1TfSZzTCr6vpy,3Bv2eBKT3MXQDTZF7sCez3KnRxQ3patDx3
1KiFJ7CPH6hAeUxmz5tZF1TfSZzTCr6vpy,3AaHAbyEx9NTo8BXdFqyVyscaLowcUpecv
1KiFJ7CPH6hAeUxmz5tZF1TfSZzTCr6vpy,361F3gb8jGX4N4hbKUpwnHepxbsYfgHtzu
1KiFJ7CPH6hAeUxmz5tZF1TfSZzTCr6vpy,3ECALB9QmrFYRf8awgWUzT4L9Wubg5YP4K
1KiFJ7CPH6hAeUxmz5tZF1TfSZzTCr6vpy,3H5oQipLU1mAnvSV5gK2tAr5AFMhQ3evan
1KiFJ7CPH6hAeUxmz5tZF1TfSZzTCr6vpy,3K8GYWTfzp6Zf4Wdv7PFUfKFcJN2v2Zatf
1KiFJ7CPH6hAeUxmz5tZF1TfSZzTCr6vpy,36zK4VuTnLfH5puXZ14sHGWSp1SW3ZeKRj
1KiFJ7CPH6hAeUxmz5tZF1TfSZzTCr6vpy,3KzukvyDZPT6B6SPuGqqBbwdoLW8q9heEd
1KiFJ7CPH6hAeUxmz5tZF1TfSZzTCr6vpy,3Af48nN7dNRShM9E4eid6urXHojr3ycp82
1KiFJ7CPH6hAeUxmz5tZF1TfSZzTCr6vpy,3A9jDeUPF3AmTbUx8CbFoXi9AVf32piv9z
1KiFJ7CPH6hAeUxmz5tZF1TfSZzTCr6vpy,3H6jcQ2RZAfJrgHaJ7shuJLC7GL8uWD4Gn
1KiFJ7CPH6hAeUxmz5tZF1TfSZzTCr6vpy,3H4c3kTGT1hx5eduKQMnbBNYfXLen2qFYo
1KiFJ7CPH6hAeUxmz5tZF1TfSZzTCr6vpy,3DGLxV4ywiAMvNP7PgveiRn5NYv8mwrndw
1KiFJ7CPH6hAeUxmz5tZF1TfSZzTCr6vpy,3LBeWfV5ft5BX9dUyEizY67iBsGpynNENL
1KiFJ7CPH6hAeUxmz5tZF1TfSZzTCr6vpy,37qYAbGWEDtA8aEupy9ihvUMhfKH1xhFHs
1KiFJ7CPH6hAeUxmz5tZF1TfSZzTCr6vpy,3Hh9WMXrMtVH4Z9sgUPNpJUcEWz5nr8qj7
1KiFJ7CPH6hAeUxmz5tZF1TfSZzTCr6vpy,3Ds8JNTBcrzDcDeqtaLVZLC9zinr6tQgSu
1KiFJ7CPH6hAeUxmz5tZF1TfSZzTCr6vpy,3BuUrfim3pyQGHsA2QGxncroZeUqEjR6DN
1KiFJ7CPH6hAeUxmz5tZF1TfSZzTCr6vpy,35VpdryshyfHygLztJppuq7wGK9tGAY1Fz
3KnsNXTYB6kPGzjEebCcnTSf1y3mNpPuUG,1KiFJ7CPH6hAeUxmz5tZF1TfSZzTCr6vpy
3HVRCD1RShHgHJKeCSj2zQZ2Gn4Rc7g5sM,35Se1H63SWMob1fnq79uYrenVUgLvTsL2V
1Mbg9mtCVzcKKVURCqJuUEvTMPMJqsv9pc,35Se1H63SWMob1fnq79uYrenVUgLvTsL2V
1LeDzNySDGQQCNcHj2Wy4WfP1fRwzTKYq8,35Se1H63SWMob1fnq79uYrenVUgLvTsL2V
12TeZmJ1UvcEV4VTFVdwTjjPJnhrTBJ9cV,35Se1H63SWMob1fnq79uYrenVUgLvTsL2V
3HtqQ9sUy9UGTfReUMdiDHyubnkVDdPruW,35Se1H63SWMob1fnq79uYrenVUgLvTsL2V
1CrA9Hmu1ZrqZtSytXKGEo5xC3zuteKSfT,1HXpg8D9AMGFVZ9FEU2tkZYvAZ8xBhVudo
1CrA9Hmu1ZrqZtSytXKGEo5xC3zuteKSfT,1KmgmUwx2WZnih1pFCtA9wo3X28npNptBM
1CrA9Hmu1ZrqZtSytXKGEo5xC3zuteKSfT,1J5k9ddH7Cxd28otpdXTEyWVYwFFk2gqnT
1CrA9Hmu1ZrqZtSytXKGEo5xC3zuteKSfT,1MTjxm2WNzeK1ELgHu29E3hNzxq1TuSyLj
1CrA9Hmu1ZrqZtSytXKGEo5xC3zuteKSfT,1CUK7irAQmM6ma3JYn634bJepMfDam5NF9
1Kbz3gBGmC5bNAYgM2L2kDNL1BcAUBdXE,1CrA9Hmu1ZrqZtSytXKGEo5xC3zuteKSfT
1vqaddwUTxeMt519ATKWXQjWhmD4FsD9J,1CrA9Hmu1ZrqZtSytXKGEo5xC3zuteKSfT
13rSBa9fZ5TFoqDb1LxYMRzcxgmMCYAFHS,1CrA9Hmu1ZrqZtSytXKGEo5xC3zuteKSfT
1GAiHxUiTgahAJU3YP95m2KeFy5YrwJMA6,1CrA9Hmu1ZrqZtSytXKGEo5xC3zuteKSfT
1JyC5RkvmwPx3eTnY9is6zgiZ1EFBNBnRQ,1CrA9Hmu1ZrqZtSytXKGEo5xC3zuteKSfT
1N5YVgA53r5dLs7mc2adVhbtEfmrCsAyjx,1CrA9Hmu1ZrqZtSytXKGEo5xC3zuteKSfT
1PShBWAsEoFEr9Ho3EjD4byTmmvXK1k7u6,1CrA9Hmu1ZrqZtSytXKGEo5xC3zuteKSfT
14J5iCAFJyRziXQpEPg9AJbRF4KLr28zns,1CrA9Hmu1ZrqZtSytXKGEo5xC3zuteKSfT
1QL3bkRq6UdQLVfpB6Jth4EdTwFcq57daA,1LbigKrgzWC2dc3EJrezqhWsNb7XWNjfJW
1QL3bkRq6UdQLVfpB6Jth4EdTwFcq57daA,1L8pJ8ZX5kqeBgdRneonaPU7uNJ1p223vW
1QL3bkRq6UdQLVfpB6Jth4EdTwFcq57daA,15oeZPmmvmPrkpfiAkRPzFt5t74YVLUJTX
1QL3bkRq6UdQLVfpB6Jth4EdTwFcq57daA,1Mm5vmhLxmFetaEpUi5JtJMmzu8bgbDu8
1QL3bkRq6UdQLVfpB6Jth4EdTwFcq57daA,1DcSAL6iqbSxriop7ReCWAQuyzTNDeEp7y
1QL3bkRq6UdQLVfpB6Jth4EdTwFcq57daA,1Jdrm3nDqsKrydcRoxwmzm66YDkbm7Kho6
1QL3bkRq6UdQLVfpB6Jth4EdTwFcq57daA,1HmUCK9SUFNX8LqafHYEWXBt4kZHnRybFs
1QL3bkRq6UdQLVfpB6Jth4EdTwFcq57daA,155jqVByd9vw5eif47SjtXzhmpTdmw4Us5
1QL3bkRq6UdQLVfpB6Jth4EdTwFcq57daA,1CLDsH8AKYNWU4JeHXbGShFfXTQ8cChzMe
1QL3bkRq6UdQLVfpB6Jth4EdTwFcq57daA,1LwCUua9pPkUfgeMzqivNAJLe9rmYvAFcf
1QL3bkRq6UdQLVfpB6Jth4EdTwFcq57daA,15YSDtE11Mq4AQzGE2yzxJU7iqqMdgiAb8
1QL3bkRq6UdQLVfpB6Jth4EdTwFcq57daA,1QEAxwcBBEg7YEuDuMVLJXFoKgAGHWiHMm
1QL3bkRq6UdQLVfpB6Jth4EdTwFcq57daA,1JWxPWuqU7rUQJn1m7Ucu8Km2A3FWgnGer
1QL3bkRq6UdQLVfpB6Jth4EdTwFcq57daA,1LmiCWGWcahFKHM3a7jGhWhj4TbRWRWMKi
1QL3bkRq6UdQLVfpB6Jth4EdTwFcq57daA,1jA8U3P6Vxibj44mAEn3mV6ojsBeCFLZX
1QL3bkRq6UdQLVfpB6Jth4EdTwFcq57daA,14rfSRY9YSapXHNHZQ113FZ19q7tAyHRr8
1QL3bkRq6UdQLVfpB6Jth4EdTwFcq57daA,1F19gxDuJfzabt6XPb9EKu92AMdF1hBie
1QL3bkRq6UdQLVfpB6Jth4EdTwFcq57daA,1LRvS2nPdwAja1RkGkvcnjuXWkU1czet61
1QL3bkRq6UdQLVfpB6Jth4EdTwFcq57daA,1HyUuhjfyRQjfr7YhMGbZTrT3xwnyNe3Me
1QL3bkRq6UdQLVfpB6Jth4EdTwFcq57daA,1GzRVo9XuYKA4Jr8Ykxa7HKi8V46jJTJsV
1QL3bkRq6UdQLVfpB6Jth4EdTwFcq57daA,1Cz8Ap7k15GVrf68o4WKo1AxEx1rGP5BKz
1QL3bkRq6UdQLVfpB6Jth4EdTwFcq57daA,1qBA8uQPELV8Ya6SFDzV13batj5UuQ67Q
1QL3bkRq6UdQLVfpB6Jth4EdTwFcq57daA,1JYJHDDcqs4tWboRpbXWuFFj9rC5tRjeFy
1QL3bkRq6UdQLVfpB6Jth4EdTwFcq57daA,1KJ6YVQ2cB5rCZGoLwPcEHzmtkBp32q2D9
1QL3bkRq6UdQLVfpB6Jth4EdTwFcq57daA,1DJVrqaFmvqRv9x2ex64cFCA4LneGATz35
1QL3bkRq6UdQLVfpB6Jth4EdTwFcq57daA,1BFCG4FHXE3PvwdjHUADbfu1D2h5n6nnkz
1QL3bkRq6UdQLVfpB6Jth4EdTwFcq57daA,1JWJagsGCzMQcEw5uQjvRGV8ZbkGFmsSHS
1QL3bkRq6UdQLVfpB6Jth4EdTwFcq57daA,1DG6inTfUKSoj3ATyaLNoPB6kyXyULAdpb
1QL3bkRq6UdQLVfpB6Jth4EdTwFcq57daA,1HBUiNCXyHCB6gKSXX8aPo24jtokrGuFQG
1QL3bkRq6UdQLVfpB6Jth4EdTwFcq57daA,16uGcKCb5HXLuhaS4azStjsyShBuDC8Zm9
1QL3bkRq6UdQLVfpB6Jth4EdTwFcq57daA,1QGJMnZd5wks3R52vGA5W2KMAiHeWWjXbp
1QL3bkRq6UdQLVfpB6Jth4EdTwFcq57daA,1KzxyGUnkRemLfpJuPtt3dmpNb1R4rMvhr
1QL3bkRq6UdQLVfpB6Jth4EdTwFcq57daA,1PW1oh9m6mW1EBvBZuVcjVq87etRKCvWX3
1QL3bkRq6UdQLVfpB6Jth4EdTwFcq57daA,147beJacjUUvRCQsZEEzGNM4Hx75JnNUUQ
1QL3bkRq6UdQLVfpB6Jth4EdTwFcq57daA,1EPnvz27wVqqjfcJBLgJqZ6ZQVFNY7ZCH3
1QL3bkRq6UdQLVfpB6Jth4EdTwFcq57daA,1Gnkgs1FwXJVLUCDuxgSwCDKGufQzgE4WK
1QL3bkRq6UdQLVfpB6Jth4EdTwFcq57daA,1EpgbpbMqezZ1cQtuV6EBeUdw1yEvEqaDw
19Eh3hB7TV4ykE6BQtzjNtZ5WHehoejBh3,1QL3bkRq6UdQLVfpB6Jth4EdTwFcq57daA
13pHYmNYfeoJyBfeq8oAEWfpag26Xzs5px,1QL3bkRq6UdQLVfpB6Jth4EdTwFcq57daA
36feKRBptzBh3AN1ydg7RjWepYzVrV9pP7,36zK4VuTnLfH5puXZ14sHGWSp1SW3ZeKRj
3A9jDeUPF3AmTbUx8CbFoXi9AVf32piv9z,39FBbNTyH6HUyFsMrRaSzyQWnZBehhGbyG
3A9jDeUPF3AmTbUx8CbFoXi9AVf32piv9z,3FAfGGVRdNF2fikZ73gchFysdyq33NTCm9
1Ff8B4N3wgoRRT8Qsagw2bR9zeZNATjuE6,1HXpg8D9AMGFVZ9FEU2tkZYvAZ8xBhVudo
3A9jDeUPF3AmTbUx8CbFoXi9AVf32piv9z,3Fr3RiX8VtSG8ty3SprgsPvJSfjuErzefm
3A9jDeUPF3AmTbUx8CbFoXi9AVf32piv9z,31h8xjjZGSU8Z2HczswSRJvYrV73wG47Fo
16dTaCVDr7cs1jHTwawjVREtRG6rxgrMwy,1HXpg8D9AMGFVZ9FEU2tkZYvAZ8xBhVudo
3HtqQ9sUy9UGTfReUMdiDHyubnkVDdPruW,3DbDJMZuYoVH7BSSdiiaaAw4ykyNr9e3UF
1JgUPAwXHziMKEV48bDtohm43dpLYPXKQs,3DBRBG28Lx1R5FCeQDT21dNz7RfQTBo2kH
3A9jDeUPF3AmTbUx8CbFoXi9AVf32piv9z,3CC1b6f5SLn3wrsj477Ds7waDDGtNULaRv
3HtqQ9sUy9UGTfReUMdiDHyubnkVDdPruW,3FGconJbcfk2g9t2CmNoS79HfYU3jVVgTp
3A9jDeUPF3AmTbUx8CbFoXi9AVf32piv9z,3QqGZw7WZjrn7txMezTnfEYLe11afSPGc1
1CHDqo1pyTTpS3QZGk8Wm7JnV9fDqpfKjW,1HXpg8D9AMGFVZ9FEU2tkZYvAZ8xBhVudo
1AFYWUQy7UTLiQ8SKJdEKNN2mgrUsXv8va,1LbigKrgzWC2dc3EJrezqhWsNb7XWNjfJW
1AFYWUQy7UTLiQ8SKJdEKNN2mgrUsXv8va,1L8pJ8ZX5kqeBgdRneonaPU7uNJ1p223vW
1AFYWUQy7UTLiQ8SKJdEKNN2mgrUsXv8va,15oeZPmmvmPrkpfiAkRPzFt5t74YVLUJTX
1AFYWUQy7UTLiQ8SKJdEKNN2mgrUsXv8va,1Mm5vmhLxmFetaEpUi5JtJMmzu8bgbDu8
1AFYWUQy7UTLiQ8SKJdEKNN2mgrUsXv8va,1DcSAL6iqbSxriop7ReCWAQuyzTNDeEp7y
1AFYWUQy7UTLiQ8SKJdEKNN2mgrUsXv8va,1Jdrm3nDqsKrydcRoxwmzm66YDkbm7Kho6
1AFYWUQy7UTLiQ8SKJdEKNN2mgrUsXv8va,1HmUCK9SUFNX8LqafHYEWXBt4kZHnRybFs
1AFYWUQy7UTLiQ8SKJdEKNN2mgrUsXv8va,155jqVByd9vw5eif47SjtXzhmpTdmw4Us5
1AFYWUQy7UTLiQ8SKJdEKNN2mgrUsXv8va,1CLDsH8AKYNWU4JeHXbGShFfXTQ8cChzMe
1AFYWUQy7UTLiQ8SKJdEKNN2mgrUsXv8va,1LwCUua9pPkUfgeMzqivNAJLe9rmYvAFcf
1AFYWUQy7UTLiQ8SKJdEKNN2mgrUsXv8va,15YSDtE11Mq4AQzGE2yzxJU7iqqMdgiAb8
1AFYWUQy7UTLiQ8SKJdEKNN2mgrUsXv8va,1QEAxwcBBEg7YEuDuMVLJXFoKgAGHWiHMm
1AFYWUQy7UTLiQ8SKJdEKNN2mgrUsXv8va,1JWxPWuqU7rUQJn1m7Ucu8Km2A3FWgnGer
1AFYWUQy7UTLiQ8SKJdEKNN2mgrUsXv8va,1LmiCWGWcahFKHM3a7jGhWhj4TbRWRWMKi
1AFYWUQy7UTLiQ8SKJdEKNN2mgrUsXv8va,1jA8U3P6Vxibj44mAEn3mV6ojsBeCFLZX
1AFYWUQy7UTLiQ8SKJdEKNN2mgrUsXv8va,14rfSRY9YSapXHNHZQ113FZ19q7tAyHRr8
1AFYWUQy7UTLiQ8SKJdEKNN2mgrUsXv8va,1F19gxDuJfzabt6XPb9EKu92AMdF1hBie
1AFYWUQy7UTLiQ8SKJdEKNN2mgrUsXv8va,1LRvS2nPdwAja1RkGkvcnjuXWkU1czet61
1AFYWUQy7UTLiQ8SKJdEKNN2mgrUsXv8va,1HyUuhjfyRQjfr7YhMGbZTrT3xwnyNe3Me
1AFYWUQy7UTLiQ8SKJdEKNN2mgrUsXv8va,1GzRVo9XuYKA4Jr8Ykxa7HKi8V46jJTJsV
1AFYWUQy7UTLiQ8SKJdEKNN2mgrUsXv8va,1Cz8Ap7k15GVrf68o4WKo1AxEx1rGP5BKz
1AFYWUQy7UTLiQ8SKJdEKNN2mgrUsXv8va,1qBA8uQPELV8Ya6SFDzV13batj5UuQ67Q
1AFYWUQy7UTLiQ8SKJdEKNN2mgrUsXv8va,1JYJHDDcqs4tWboRpbXWuFFj9rC5tRjeFy
1AFYWUQy7UTLiQ8SKJdEKNN2mgrUsXv8va,1KJ6YVQ2cB5rCZGoLwPcEHzmtkBp32q2D9
1AFYWUQy7UTLiQ8SKJdEKNN2mgrUsXv8va,1DJVrqaFmvqRv9x2ex64cFCA4LneGATz35
1AFYWUQy7UTLiQ8SKJdEKNN2mgrUsXv8va,1BFCG4FHXE3PvwdjHUADbfu1D2h5n6nnkz
1AFYWUQy7UTLiQ8SKJdEKNN2mgrUsXv8va,1JWJagsGCzMQcEw5uQjvRGV8ZbkGFmsSHS
1AFYWUQy7UTLiQ8SKJdEKNN2mgrUsXv8va,1DG6inTfUKSoj3ATyaLNoPB6kyXyULAdpb
1AFYWUQy7UTLiQ8SKJdEKNN2mgrUsXv8va,1HBUiNCXyHCB6gKSXX8aPo24jtokrGuFQG
1AFYWUQy7UTLiQ8SKJdEKNN2mgrUsXv8va,16uGcKCb5HXLuhaS4azStjsyShBuDC8Zm9
1AFYWUQy7UTLiQ8SKJdEKNN2mgrUsXv8va,1QGJMnZd5wks3R52vGA5W2KMAiHeWWjXbp
1AFYWUQy7UTLiQ8SKJdEKNN2mgrUsXv8va,1KzxyGUnkRemLfpJuPtt3dmpNb1R4rMvhr
1AFYWUQy7UTLiQ8SKJdEKNN2mgrUsXv8va,1PW1oh9m6mW1EBvBZuVcjVq87etRKCvWX3
1AFYWUQy7UTLiQ8SKJdEKNN2mgrUsXv8va,147beJacjUUvRCQsZEEzGNM4Hx75JnNUUQ
1AFYWUQy7UTLiQ8SKJdEKNN2mgrUsXv8va,1EPnvz27wVqqjfcJBLgJqZ6ZQVFNY7ZCH3
1AFYWUQy7UTLiQ8SKJdEKNN2mgrUsXv8va,1Gnkgs1FwXJVLUCDuxgSwCDKGufQzgE4WK
1AFYWUQy7UTLiQ8SKJdEKNN2mgrUsXv8va,1EpgbpbMqezZ1cQtuV6EBeUdw1yEvEqaDw
3A9jDeUPF3AmTbUx8CbFoXi9AVf32piv9z,33v8FZZebjHsq4dpdmiwxdueytAJeqRdZr
3HtqQ9sUy9UGTfReUMdiDHyubnkVDdPruW,34zUnxEij23A7sYpoTMCs5Po2pkH7jjKpG
