id,transactionID
28762,3DBRBG28Lx1R5FCeQDT21dNz7RfQTBo2kH
4823,388dJweb19G7YEecN6pxrm4BKF1FVueCte
3106,398MaRQxXsroxPbH9jM8BqJpTXLZhv6s4U
11293,3Bv2eBKT3MXQDTZF7sCez3KnRxQ3patDx3
7008,3AaHAbyEx9NTo8BXdFqyVyscaLowcUpecv
30790,361F3gb8jGX4N4hbKUpwnHepxbsYfgHtzu
21336,3ECALB9QmrFYRf8awgWUzT4L9Wubg5YP4K
13401,3H5oQipLU1mAnvSV5gK2tAr5AFMhQ3evan
16663,3K8GYWTfzp6Zf4Wdv7PFUfKFcJN2v2Zatf
5235,36zK4VuTnLfH5puXZ14sHGWSp1SW3ZeKRj
31279,3KzukvyDZPT6B6SPuGqqBbwdoLW8q9heEd
5386,3Af48nN7dNRShM9E4eid6urXHojr3ycp82
9715,3A9jDeUPF3AmTbUx8CbFoXi9AVf32piv9z
3164,3H6jcQ2RZAfJrgHaJ7shuJLC7GL8uWD4Gn
15252,3H4c3kTGT1hx5eduKQMnbBNYfXLen2qFYo
15927,3DGLxV4ywiAMvNP7PgveiRn5NYv8mwrndw
4436,3LBeWfV5ft5BX9dUyEizY67iBsGpynNENL
31531,37qYAbGWEDtA8aEupy9ihvUMhfKH1xhFHs
20027,3Hh9WMXrMtVH4Z9sgUPNpJUcEWz5nr8qj7
22130,3Ds8JNTBcrzDcDeqtaLVZLC9zinr6tQgSu
27854,3BuUrfim3pyQGHsA2QGxncroZeUqEjR6DN
22091,35VpdryshyfHygLztJppuq7wGK9tGAY1Fz
21154,1KiFJ7CPH6hAeUxmz5tZF1TfSZzTCr6vpy
9853,35Se1H63SWMob1fnq79uYrenVUgLvTsL2V
31548,1HXpg8D9AMGFVZ9FEU2tkZYvAZ8xBhVudo
27740,1KmgmUwx2WZnih1pFCtA9wo3X28npNptBM
5315,1J5k9ddH7Cxd28otpdXTEyWVYwFFk2gqnT
24911,1MTjxm2WNzeK1ELgHu29E3hNzxq1TuSyLj
3691,1CUK7irAQmM6ma3JYn634bJepMfDam5NF9
21053,1CrA9Hmu1ZrqZtSytXKGEo5xC3zuteKSfT
22394,1LbigKrgzWC2dc3EJrezqhWsNb7XWNjfJW
25054,1L8pJ8ZX5kqeBgdRneonaPU7uNJ1p223vW
6909,15oeZPmmvmPrkpfiAkRPzFt5t74YVLUJTX
19218,1Mm5vmhLxmFetaEpUi5JtJMmzu8bgbDu8
15943,1DcSAL6iqbSxriop7ReCWAQuyzTNDeEp7y
14526,1Jdrm3nDqsKrydcRoxwmzm66YDkbm7Kho6
14042,1HmUCK9SUFNX8LqafHYEWXBt4kZHnRybFs
1609,155jqVByd9vw5eif47SjtXzhmpTdmw4Us5
38,1CLDsH8AKYNWU4JeHXbGShFfXTQ8cChzMe
16448,1LwCUua9pPkUfgeMzqivNAJLe9rmYvAFcf
20834,15YSDtE11Mq4AQzGE2yzxJU7iqqMdgiAb8
15733,1QEAxwcBBEg7YEuDuMVLJXFoKgAGHWiHMm
28815,1JWxPWuqU7rUQJn1m7Ucu8Km2A3FWgnGer
20150,1LmiCWGWcahFKHM3a7jGhWhj4TbRWRWMKi
28802,1jA8U3P6Vxibj44mAEn3mV6ojsBeCFLZX
19949,14rfSRY9YSapXHNHZQ113FZ19q7tAyHRr8
14288,1F19gxDuJfzabt6XPb9EKu92AMdF1hBie
29094,1LRvS2nPdwAja1RkGkvcnjuXWkU1czet61
23119,1HyUuhjfyRQjfr7YhMGbZTrT3xwnyNe3Me
17554,1GzRVo9XuYKA4Jr8Ykxa7HKi8V46jJTJsV
19492,1Cz8Ap7k15GVrf68o4WKo1AxEx1rGP5BKz
189,1qBA8uQPELV8Ya6SFDzV13batj5UuQ67Q
2028,1JYJHDDcqs4tWboRpbXWuFFj9rC5tRjeFy
8874,1KJ6YVQ2cB5rCZGoLwPcEHzmtkBp32q2D9
13314,1DJVrqaFmvqRv9x2ex64cFCA4LneGATz35
17098,1BFCG4FHXE3PvwdjHUADbfu1D2h5n6nnkz
31387,1JWJagsGCzMQcEw5uQjvRGV8ZbkGFmsSHS
21447,1DG6inTfUKSoj3ATyaLNoPB6kyXyULAdpb
13695,1HBUiNCXyHCB6gKSXX8aPo24jtokrGuFQG
26916,16uGcKCb5HXLuhaS4azStjsyShBuDC8Zm9
13204,1QGJMnZd5wks3R52vGA5W2KMAiHeWWjXbp
3604,1KzxyGUnkRemLfpJuPtt3dmpNb1R4rMvhr
12025,1PW1oh9m6mW1EBvBZuVcjVq87etRKCvWX3
24336,147beJacjUUvRCQsZEEzGNM4Hx75JnNUUQ
3832,1EPnvz27wVqqjfcJBLgJqZ6ZQVFNY7ZCH3
23998,1Gnkgs1FwXJVLUCDuxgSwCDKGufQzgE4WK
29227,1EpgbpbMqezZ1cQtuV6EBeUdw1yEvEqaDw
19933,1QL3bkRq6UdQLVfpB6Jth4EdTwFcq57daA
12016,3N5jzffkznvcxRnEX6T7vngGkPAEyE9Pb6
3627,18qWf4dQywQMzQ1B5Uhn1jb77YZnsBWqS5
20742,1AX24zcUWuzoehSpJPzSVLCpMdbSuY66Xs
21759,3EXhFpjESExEkcxc8Gj6pSiBNmfZDHM3Ui
20460,13VZp6hsDjjLarq4iohannajLmRWzeS5nD
1247,1JtRyykEcK98ZcEVPwNBp6bjGeCuKvVWsn
244,1JaQqSftfusasWWNhNASA2q4rhR2E5VWY
11057,14wuxs9NB8LYq6MGXwQGPtdr2iyEyxYDjy
31687,1CNUwRvPMQ2P26uX8AbtWkYWLDSipVWGDd
29793,3HceiGL914h2M7R6jyTy8QQebh4d8byTEM
6291,39MrLri14VUXqH6zYbg13CPAbGTcLpQUxq
29687,18L8yPMiQqo6SZDWVFCLbyhLUJW2XRYvuK
23927,1DsCroVy8BAzj77t9UNeTmgaKMuSq5EKLX
952,1AUUUHdq9zBGY7BwTAgv3cvVLzEf4WVQ4q
13723,1MnZVvVTqD6uFTevRbZCnTQy7FR3tPPf7D
29434,14ipuTBFEsZgxkDXbM1caht5m7fyTtjbGX
20945,1FTX891z976mjYjJdBpfu6NHJgxR3bXHwK
19424,12VmpgKXwfU4LxbTrmhkeNhTAZANbcBdGB
16730,1CUQNbQKtNTv8RSZCprjjS2pTE3sjbPAuA
12383,1PNnMtrg8vo525mnGXGobR27Y2oA1P7Tx
17906,18WuZRshivZ5QGipEe6N8cSVrmaoAF2FVS
12909,1PMmLSXfxz6vkh8BGPv1XwVjwwefcLCKcj
15206,33C8PPz4XGvTNPfEthxj2YKJVYdA9CF1NX
2949,14cLcWkqeq3d2EjdaHRiZNYZx8vuc4aJrG
12241,1Gaf7B1c2E4NDN6nbWBujRPC7zEgTjVatX
907,1BzS4rCU7ky1BMJMqHMnahdbGUaxvPhtBV
4045,1DW39eKNHqa4arPQgPgcxTZuyNgaNfv2n2
26620,14gr8f82MfBfh3VZGJdoUTGxcuEgbtiNoW
3617,1PaddfBRjHf43nNYnBmLte8BgF38D2YCbR
17284,18h6CiSdFGXtHCo4Y7NC2BNzS1eCMk9SVA
10909,1ByGA5ARyw75eFZ17c7s9Z72b2zQQY2pwZ
24059,1NGf7MfE1MKNwYQ3zK64V21qc9gLiz2XY3
4278,19TnZW3dTR9SKftFGoLkpGZAj2DYtfuhSk
11459,16K2Mqnm7LM256tCKuMhfLKkKGJiSshuhe
18587,1J23kTY5zUgeSzLYyNZTw3srPPutYdaK8N
1590,1HbiD99FubRhsbXS4D87aQmgu3oM8enwKR
11632,13DVw8K96Ro5BBMwgW1jvfqjd1C3fFx373
15487,1BVYWqub24HmiksFm3m3yDgsxZ75WU9qbN
9967,1CXG4iUwPjhcZKaGwWW8a4iWsCRvKxdZib
721,18275Eme2AT6sqwLt8AitQZybYDd6YuXgk
21574,1BkisRnV1XLhY8e4DeiyXA9ANQw8M9SAGC
6990,3NMwVfx1Ro29f9NseU1hJ1hDBHFWWnUwj5
30346,bc1qwx34w29zt9cy9wzf4nt0uvpn3t3jrdlatz8h48gjr87wv3nzlyhq5z73x6
13751,32Bsm7FS9oE3SjbZCzmXPEQ9Mcr5kLgmK1
31380,32d37mz9mA3RBmih1aaFNrLfNzkAMMAsVF
18249,32Jg8xPCordtFzrEiNqht8JdGT2btyGGuS
29447,32JdRTeTBX69mN2oxzmVQn5s9wJvVwtg1H
10085,31wAfxEfVMUD3H4LxdtwTJFuGExKWskhaf
13236,32i2SWSAN5zRjGiKwFqhcLqULFYwoGyJhA
21617,32onDJKrKeDg68aLFPJuWucXkTKF7U1cPw
4689,bc1qy9v5yrh2ftnkjsz8ajcezuzyc05mnw5vxyk06du9yftztrwu7v7qaew6fd
22260,3G8YM2srGmva9ka8NmtAieZWCK8R7LMtnY
24531,1KLX6A1GyQXT9xiK41UACtAtYwcDCxQk5J
30855,1DCo6ZiPGDd3e6U51q4UYumGwk5V5WAG1M
14433,1ECz7UiVcyX9qfjewSufvW4vdrFia1dyey
28038,15nbch9uGNfnT5a8txmnvKqYg2NkJTdSqK
7423,1NRkXotdpeuqdtLXrqYRnzUmwEdE7RhBtt
29852,18XYa3oBFKvH7H629sQXbqcvRE3Eh3w1YT
31893,13C1eQJauKDdyfYjTfrPvwHoaJPtt45L7y
26489,16S1PhKEAHgXjGadJurrcQaV1uE14qCj8m
8700,1NnVhjrMokRadiefNBTsae9awaDQU4Z1vf
4520,1BRW94FVmFGQ8oLADHujUCKc2nZHKHyNG9
9793,1FvxnGhyPnmCboGk86Tjpe9XfA1XEMJcvm
30038,3PG8JF7Z9DUvepKvF4CYVLpTFqotL8w9Ew
16253,3479gSjwpQXmw2PtuDqyTRqLk5b8e1KLJi
24331,1Kdy8Z81RUwd5YzBhcMu8tZqeCeU6Londw
15156,1ExaubcAj1AaTUHHxxadVaQKqJ8gCYkVk5
31917,1BfFNxnydJYAJZsVKFXDpRDppbqp1g29iS
28975,1AZSyi2ToxRtSuU8E25gm2PvADr3idH7cv
15424,17QtmGkbPpmyJUVcPfv9u1E2VpMnEHjvAm
20818,11wTbWMF6jNZWCMBcwNgpybtcEWkdu2Cm
26279,1AfuxmvpZZQ34Yr3JxM8p43KBTReDjjwVG
17043,1ezHKeyj6YQtezfPKdaj3RPASy43nUQTm
7011,1DvvpNUBmj58PEcnCYV7GUhRnUaVbap2CV
31130,1KCADpLtMQPCgun4mKXT8JRaF8L6VDyKdL
7595,18iYagQVaz3kMZ7Q3niSVdHmczDWcgoR5t
15013,1KwWgMp6rQQFGXkZTuizN8ZDniSCmfE7nM
21871,13adscLrc3dM7vFy95j2FpgKdzeEDZBv2F
31003,1K3uxBcUV9PKNcRe86JvG53QkbxBS3yQz4
15723,1A4BH5wBFbjLmcjL8cM28k6ckTWBrqDtSk
28958,15ZVXC8RywA1miB8Aa846rWSgMM3Basu2A
23426,1PSBg2UjoGnZGCggqM7JkLHZHWv9RT6qTx
24296,1KjzPX94rVGCYt7msKRNeNq48pyBftwkJg
23129,18qd1LS67MCQ2dr8RHHVivi7pu5quqMTLc
13466,12NT4ZVqJqrVyXvfMWpdkCc1B7JvWQsmCQ
18287,1A18z3shypN7mye7nWaDuyqS5GjcoqtBQq
11479,19RnKDqTKCc9ARB6eCE1qsiJbL7jNzHb4U
28554,13N76NL1oJMqDvdRvMZs9MrLhRftbUrxeW
23929,1En4rkagtWCp7upYmQdsiVZDJWA91LJLgy
5421,1JbqC3RZD4fUawuCdofP7w6UwW9oFtksEk
16122,1BhWY6h3G6FGYG6rRi9SFX8PAgJFs5ivAe
22421,1J2FBBMxVkyzVmU3L53CMfQR893r6hicVc
9418,1KkJ9nZXGMuGESgej2CJGn1ySRkrcwfB2o
24070,16hMFmiRatzuw1NGcEBVv8o53jts414e53
622,3NLQQzutUfHJXywXSKUt2VCJ7YJqADPGcY
29456,3PguQrCAWecH8ayeca22PiDH6DzmUN9aZY
30767,3HZb73GaBBYUyKnnaUTgKsPrVcnkdQs4om
22069,3KLPP7dmKb9Y1WQY8LAgy8tvygrkrPpL2Q
1583,1LJb2N8aA6FA6u6hnxGexBRbX8R5g6rbgm
17681,1BipF6irqz1q5Jh4TffBXiQ6KkEQuXafPe
17251,18xe4nd1KiEVr5jxE7kkLPDLaopqvrDrMm
16621,15hwVRKp7hS8a6Jn3K1oN84XhEtMn1wFdJ
2820,1CnfsUu32vtDp1EvvULDigRfWQsDbPscax
30200,1FrbzXi4NsqxSmPWLg4eN7sfpkGrxA76kk
6370,16GgdEM9Vtr4cr3ZAL9oyWj312Cjj8ZMLF
18911,17LzH8Umobm5JM9AccJDNqmyL19Sr3DnHN
9314,3PAatqjvt8S8UgyELak9VvacmzusgP3FYZ
79,3EhrPDEqVwGet3tFpQa2eQgw7Wm56snJ2t
20949,31pexfKEVsdKWewXU3N2K4GtJ7Gh3UKwNX
14261,3GYwiJswPDUfnaqCQXNtPfgLQvybQLRxcp
12768,1jBnCUhgfd8zZV9LBmbYuNPPGtQA5c5bK
6768,1Ck9DGDX9Z3z5Y3VsxM7Ri9ZVuPHzEFod9
3385,1HpGqmEvYZ6Th4EQ7vgUkBPaPYjeeLMstt
23090,3FNWrRc2L1WkepVcv1v9oaaHA4bDAEE85i
2755,3BB7QkYG91KzEBFbiCy8FYrpQPvkJYMeAn
7014,37CVhbPZ9uC8oiTxL9Vjy818fLPQBS3vTp
29310,bc1qxpqhe89knjcd8zwmy84nvp45akp4jhlakr06py
23738,bc1qcnrderkud7cr8qlaepgkm3j8m3ayd7u3l8genr
18788,3KgTbEtdskWfFKVi6V1RmJ4NybVP57JLCX
2527,1JpgNYFaYYejXmhfxszXXP1XrYu2kEGYHD
17888,1WK3RKQc9vKYTdK5asaiWQ3PYPubKLq8c
10958,1Emrv2q2ZnuucQj32HJ7KjfS2RNAKU4qm9
24449,3N3nKdEUEsztV2Bw8PufVP2KkyymAA1dUN
23694,3KmXa7M7FiPEYEoLMgHbtnvtCfJEjxf8Ud
16923,3AzxteE2nS2oq2sWyuzEC8mAHKby4hvoD9
25289,1ED2iD7svktKWVbNsknRQknENhtn46djP
1303,337eNyQhxuYgA1Kis8TWc6fLEw8iiD9fmr
1232,3Ge67DheQxFXPcERJUhYiFwEodDHyzjcGV
23887,1DYZM5ofekNfXvrtXTy9NgTaKzWjHo8Thb
25692,1K3SY8LddwdzpzRxLEQ1ew6ZVnd9YEY8bd
11412,3FxUA8godrRmxgUaPv71b3XCUxcoCLtUx2
12143,3DBJEdkoK21WzoerFTTJuDsv2m6CqYzhnT
25593,1By3jUAKbfpDwwCEFpS5CzxS7FXrNvqPUj
29174,1GqhJ93j8hC7ffVAfyfMgmmFXdEY5skhVA
6103,12E68oWQVKQXE5KP1zqdZxqFrWhFZD43KF
18163,1Jx67f5eZC9fLwQpf5C6S9cL7Tw2QLFpGc
7464,19eVWHmCokY76HTz9SCRJZbfEcjcS1NXDk
13455,16P7SHyLufos16oLfVnpazuT9XZxBgCDgL
27080,18vbBZUz7VFuaFk2nxktpmUe2dFL4oSYMr
23421,19pVRhpSQKozuv1ZA6gcXrDNK2jfrGPWXx
17664,32rZXBuHfiJr3Ez4ELMHST9MneqR198jBE
19352,3HLzTthS8UH5ZW8TQ5dpjKDsJSnbjdPZyK
25007,bc1qr5flprzmxnqwgn80h7cfqancry0gnsytdcesn8
13622,bc1qewms8nqqag3u050hme5m7hgmu7ts5xej7drh5p
2696,bc1qze7uvulgdvaeckvcg2nfcejlemnt7usaxmpu7z
24056,36JS2magiiJXnX3y3jbQEEJhUV3zXwSjZt
9817,362vMrtmTtsgPNjr6oL3gJhd8gBmc4U5ov
21245,3MdiCmB9qAXkxMUi4tp8REMFn4N91rSF5E
5462,32S8GHxP8LAwxmhitMmXXrrXVNzQQXAdQP
28265,1BQk3j8G7NibUFfkyL4YYZGdJPPns15ERs
26085,16b1UAcf8ym8HeyTrQuCvo4m6B5RNcpqFr
31763,1HSF4cekEt2hU4Frh7M3vVVS9krhPccuyj
16778,1JQbjZwSQaWTANZpN8u7owFgi7QnRwZWYj
30097,1BdRXVppXaJ8ebQvMyGycyaTDjAWpEHB2t
20358,1KpTxigf8MvBXcrtAFvBeLpjgyoj9vW63
17166,3FFKFP3gToDshxBCSn4xvWrwjmfWgZKzTa
23893,3F3E9sHnBLd9LqzYk141ZtyYhi5kxz5ShC
31216,3KkCsx5mDzrVStfvDrsTy4ycXNy8norudS
21247,3CzrJyTZSwVRb4hdmYpYbFo5MSCJFE3BLV
9298,32Yhpq3FBH2oN4bJQznU7amZna2N54ttia
14705,38P7oHzdMsfWZa6DBSxrBbLcmuP7xvT7nB
29406,3Bfs2DvGp2F5LafxRgn1ybLRZr9YNmTSvV
22550,3HuNYqGHCQ6fGjXsPwxCPEx2vo1YXeNN6c
15508,3A6rSScsB52ghvasaaNg2eyYyJ4y9JNWSg
23224,3JcgzSGCpA4dP8KohCHvSWKS1nWii6wWCp
28598,3NmAaxAfL2fpYXy5Ynz6HsoJAC6TDpX664
14962,3AHXV9jKHAvttMfqiobPZcmvMY6YvRFCJK
12171,32Khe9FAzmdhyHbe8scZFEH3FRPZDQmK8f
16671,35iNkd6BXNEh7FXEnW2vJLvL89xF4Xohiw
24858,37yEtKtp6qp9CFXTaVvfersoVeWLoBbvKB
21173,3DmzU8jai5V6DUMDSv147s87xMqFC1PP4h
31684,3AwLKfc7Xg7PShBwbQSSSddhYMNTCJZ4hR
20121,3LrPZBPgcHkbXgaxEgv4W3SgcLJHsQjPpM
26761,3Ern6hZGhTNzvp19pCfaiUn1YVt7TbURn7
21266,3FTiHiz2TPyxGpMp5RWFcbeXaoq66Txco3
18659,3Nu5bLEURaeYKX869MH9S8mwoRT2vEuZqo
32486,3JKxaCy3QUK3oVLDTKtV3kjZH6R9X274CY
25892,3ErMAXEyhfU7EW9xxdeNdfobch9qC3y4KQ
12963,3MhYfTERdXLPerUgczqiyR293SLE7xAJPs
27200,39wfrEutPZKvQn15KWPYwBVs5Vuy3yWGMU
21159,3KnTZHjXCcRH7uFcu2DfFvacXSNWpQH5Ci
16106,3Lg1Kqn9F2A2V4mYF7Dm9A54YQxL1V9JTq
27540,3MJx4Um6XVA7BKbVqVLWseTfvxyypYSJ3j
31866,3DySrEojKYzyNpR8Ran1v9dDy2adoRm56t
1186,3AHrdveZiQ6Ny69mLAStTjBmxKA5GizR16
6409,39qFMxem2xAzXvTs4TaMSUmgg2ZF6Xcv8w
31579,3MDkRXcyBz36VYFCVsch17y1AynPMSW2G6
30725,33ntZmvtyNxXh8Ju5FXcmS7tzSfwcaPjRp
16669,3Qs1HVo5VzxECXXyQa641tzLZnsDPQ9GTn
10439,3NmbQVmS6QduGERgxhPkdX4a2DHr4T6oCN
4153,397bxmaBKnDEL5zvwEG3e3fjWtV2HoJMZL
7558,3AuC6gCQksMkrNXG642YeKr2D3bB1oY6aT
23659,3PUJ3raQW62ZSQ2Qbd1XpMDjequ1na4cMX
23320,3P2ZKfU42SkUH7VsCeaudTjpDmcE4LabGk
24088,3NW5XfK6fmd35uGfN7RTiuW4mar8qUTwBB
20920,3NHoSrbbVBad4N7teK832oGM41Uc4dpksz
22888,3HUHkLbRh3qMGv2i3cWzq8PHMUHHUkkuWw
24606,33b3kaFEQrhTgwnxqsd1HETzKXBFxpFPBD
22075,388jT9AhykRfZz3SDDeQG9g3U1SVHRhy4A
134,3QCHDAGsKSY7a38BecrfvzG9x7npMr1jT5
8727,3G6uB8TrSTYbbch1XQg5FxMUu1BJ2xt2Lz
2652,33txS6gqwo3hNduEYXzJpgZ1qp2YsEkbo5
2289,36rwpNhArKc3Rmdsyh3Et76ooKFAcNBB6X
30504,3LgsNRy9WZvvrNwHevcWHJU3BcJaMqYSME
1409,3PpigsXMCsKvrXR3X6CDXHfHKLzN7nru2E
3609,36LESS8q9GYaHbHEqHDHUAHwBVKntjqssz
14105,3KcCsgey9WcFcTCGVAkNDp2r4ymDEt2hyj
7126,33eB5HHQcgfK4kDKowatTv4gi9DRbd7ppa
24674,3LWYh1vfaoMXAv3o4zw6ZVa6a4hahGD3Tc
1075,3LW7pUKssGPUFNovgy5inSKkBH6JKLuBon
4232,31rxYf5RTsVFSrgXqJjGvsMbrjbjKG6HgX
19983,3BmCnRaQZ1e4ZhBx2exbhZKKkXzjDm551D
19448,35bDDidfGmJU114k9ig7gfSas33Pv7t74r
23627,3PUoqQKrXH3UWP1G6KvoHHjANvThTG2Zpz
9785,3DkgG1omK1rUEbm1xf27DkQsG6dAy5U7RH
23271,3KAosBbco4sZMXUEVDPt84vfmmKKdpbktH
12344,36o8PTgAgsdyEFeWbJRrNZW4RV6EHe2tNa
27841,3GaYZ7qmHvVmAe1FPkNQMWC7bfFx1ZR98y
3746,3Nii8HyBUjyfJWKNscDXr6yGaJfks19DD1
18106,3AzJ8GAfX7LkPviRXbTBtZb5cnF7Cb8gWb
2279,3MsUnd4xxmpw2CwFfRuanFfi2131kgDUVm
29577,3GZjrHccYzFApxjXzMtMJKd9kELVxy2Qt2
13302,38BD1uUWSnriMuzkJzfHrsVho9SbKWWeXC
5854,35UCcJEzfdXjCVCqdbF7LdXcJBhoJmGw4U
24028,bc1qarftpy5anjmk4gds9r269y8pxs9d5c2cylfwqy
12847,bc1qh3z8vcf2g5nyevtu0ecjy8lh95vtt46rjx8psu
10474,bc1qgtpylx6rq6ht5yulyxmcaq2dyrrqdsp2mu36z0
3377,1NDyJtNTjmwk5xPNhjgAMu4HDHigtobu1s
22346,bc1qaen6wkf4d4uqlyp30k2mf07vy4dhgh5wgyaw6q
25367,bc1qzvp7qnzca74rg4k4urmd27px889dy60hlrsgc8
14561,bc1qgqes2svwn5y3gkv494zyux0nqsgagduczva0m6
15828,1KPuJrcGHwEx6oSZpscZPb7euYVUdZ1xP8
19697,1D7XBx69vM64VSBkcosM5ZVdjrS8Rqu8nG
21032,1JJHMkQFUGXctkGn4ZzeVr47YEZSYdah7f
6299,151iuhn6hPJbQhn1UNVWyBmgFCwW3h45rV
32174,1HKYNVHYKRFzdjb7iw5bEJqoKrLkRY6anf
11414,1QJCZBx1hf5CHk5fiunZTYwdx6RRsK7ZUx
14745,1KfzsU5bECyAVbpmWjZQfuD8CXEx14gABx
29130,1HDCnTMHq3cwkpfMYBiJepwit5HHuNUwDQ
13715,1GcoqitzrNRPs9cBMiyyamLfe3Xw2xANYV
24633,1MGDC3SCNM1RidbBmPwBubj7PNpbr73zAQ
6469,14Gkg6A7WAe2RtsVK2xKo9tHLuo8soxTff
9443,19g3S6o3w1m3cKcLSkatCpT5N9mJhGCiqN
10090,1ECVPBvZi6vBb2LZxt6sCPpLRpXm4q2o7t
12609,1GnGYKJvcZLUuDqdUdwXwLo94GLNVZfiC6
4920,1LfaYsPncLb9bWaQ3kTHgQzz4q572Zh5wX
1827,1MeX3STz13unpja9k3ksG6sFsTCSPdtsxE
16358,3Hv9fZSbZbx1QT4Z1dBazsdeeGsDr4mBSS
13471,12oLcH5qRZHjg6KvAuAf7LMmSMMUGUEdFh
13880,3AWw9eGTaGMKtDgmBuhX8jF9fmTrFwcEq2
30703,356zv2YAug4KFvqJQPCeWFF7EKHbmzmjVb
5894,3HDSRmVKXuiX45ti65Ugq5BNW6VxaaW8dm
7426,3FAWMMwFURAEVhrk5UJCdiAGYivV1GqPaN
10578,3MiYEHDKhpsEcR9QUSPVBTXWoRBcyfwVYZ
6645,36zQC9R8T981iL9ZGCxvdYsHHkRxnCzbcC
7910,3GcghEwBo1QK7QeAgoLz1cwd23W1AgovjD
1206,3BJjDVxs9nr48V3NgmiQDqBnDJVceDpXZD
30534,3PZHQh8JVArfLoCWFrEzu8FmzvCAwFjWHz
29592,3H1RSardCYHrfKPR9BfoLAobRfzHmXzWzR
7265,3GNTSu3AvTBuE8yPNdjQLHPvkHgsXVkgAT
7455,3QokXhzCzmgBXE8uo15NBYG1Yc6j1s66kP
543,3LDxDiPkrRQgqcBh7gcQ4q2YS6tcZJ3Dw2
13686,31ksJtyEeymAqW2LVj5HLK7SkHufxqQD6K
29009,36v2BcZUkAaoLqznbHQYAugKtpCqfqWMro
14391,38cNpJ46yRRLWqaSi1bS256LmJNs4FdDYm
8352,39LKvGgBe7dpp5LrF6Lr7wZ7S9Q6BeVsxq
10423,33AaMBDhQvZGdMZCWTcEJtrXnDzixpJ8wd
14912,3FrUjrzijui2REwnVnFhQAv75VnhfgEkTr
28413,1P3KnkwLJ4zPAwFcsntuR5T2EhByZLqoKr
32510,1HTwXmv4NF9LZuQkkUFnaFfMdBwLvNN3KL
2889,1CRinDyUYJRraUeLzf4sf8AH9aYQeH7qJ5
356,1A8v7V7rpN5KFF94X2nFWBPBsecbUBbYpa
18801,3BzX1J4wxpoohYDBLiC65YE27xvMLz3Ejo
27872,35KYLhR1wWES8cZFreML8A526m9ohknzAo
17998,39mjvjgZiERdeVdg9HcBafW78cshL4bhjY
19940,3B87mSL5it18R7VMuRBky67nuN37Mkm6Qz
5961,18PQand7UNe78qeFGV1FXAEEwBXksU4fAE
18933,1EYT4syNpSK91nMQJnPZcMAW3J4MqJQhZM
3521,1aZ4Up3T8Kjke5FfQmA5Ap1iofRmeQN6X
26772,13PMkqoLEr9sjvchHFXDRr6zTWoBtb5yBs
9446,1keaJqjtmwEbcihDeXp3DF3nXJcBKC35d
28489,1AFdMtdhtLQQvkYbzy9gMjonkUhXX5h4hg
13679,175SPaJYmgEaxSdqRvD2XtPvm8JC2LZKGT
24838,3FgkCChJ4b4Kz5KttaycbyMQGdrCBZvF8N
12879,3EXgiS8xCk5myoa4N9fAN2QVU7XQK4KdFc
8622,3AgTvqCDoPomYnXayuBTqxVmBDNzPTvYBg
6556,bc1qpjceyw3jgwdl8pf2q2mkv9nngsxzyyelujrlqj
27220,bc1qh3kvkzqhy48fgpul7f6w07vytugtnmvz6pwaal
690,1Nz1UjZz4NTeaqnGYetBXKKtF81mcD8d4X
12044,12b2obsRVs3khQsCvDhmnerwYka7bWWEQF
7285,1NwdvhjaizzYoYpUQYkbDHSu2iSDSxoq32
15687,16DoVeTiFCFTiVLKShqABTCfb9qNrBMQmy
9083,1L1my2Yagw2muUNjrwwgPaFRyLzxnQZTLC
9724,178Y5MAhbi1dxDV32YFCZBCppoJpUDFSRw
9326,14jkSXDCTevbYBHh88ExGsTkyHRh3xNsrr
29553,19M3rJc6GYyBg5m4doVLJ5drLnnH1VX2Pe
10525,1MVBggjsNykuTToceUCC2VG1B9DwFBzv7T
28227,15Bt2gkkJ1nqQRg4aiMmiUKjQk8N5XNe98
26850,1PPmxRv75P9mNEbPqAwZXZC1Jh8dSiwG8s
12146,1Pq5JtQxJVd7kUWGt3TCqTWsGzjVWCWVt8
8975,1B64nvxdwxHqEZ5bZkCF3gC4USEerZKY9Z
31595,1FHrrdcpNotAfo8UDcY6hvALh3vRQp4Vvt
48,1MRRM9iKxBCWkdUmWVQqZnEijPH7xvXuQt
12376,1Q5PZs5G8BXbmx5nZpWeg3AqusghL2HFcr
31165,1L2SaibfDggASDX6aP6xwiNzpqFYB4hLj4
13134,13yAgDsB5bNB3raeDrzNexC1raXHEr8WmA
23817,13Ns6HNAhpCznCxrCLp8q5Q7nT8Ugbsbhj
25901,13gdPihv5LVV6CDd6a2ChzhrTMwKpLmcP5
22946,147dewLqGvmMePK3TsPTNHZFnjf2sG3kEj
2836,13fDybMbVVy2fFCsj81Wvp9EYRHdqmgfnc
10642,13TFYPMXJgK6JE2PNRz3FZjihCpwwGHgUV
9194,12wazhdKUcDkESZtPCvN9ZgkwLW9FYtiUy
9674,13ozX4frtn8mF2stj2gwzn1Ae5K9bgcSHV
18138,13MTgYQH1HuWNGmUH2rRNM4yBoa9zGbUu1
159,13jbAsCFLpoQz4ef1PBQMFDqivGxLLsA7T
20066,12MXhw2ugdN2ZL8YkR4PEfYb1Tn44iNErq
11895,13Gw6yghkUj2FHSi8Luzwg1rwbhzLDJDX1
13214,3HUjxJ5nKDGgZf7Vx2pRg9NcmcQhqpmxSr
26410,3CQzK9LABhmKDMPxsuyqaNY9VGiJwcbSf1
30451,31v4mkUEqhvSrhWuujDh5P7hb3cWuDadya
17717,3JcEc18tZVn8f4gMvq2TaQ2mBnBp3pgsXL
11315,35L99dTexZG5ocHFp7WTbWV3bL9y6iaSv6
22484,3KKijX3UDpEoU56jPgGd46pKqtY5n7AcXr
17317,3N2y6C1iVGcGzM4NMjGUDtKbL1wPye84NR
17743,37xYr71zSMh2fvLkdFNe4NUEtCw6VF7q7q
12716,3EixRAASWJXgmgMr1V1JTT8ejx3uZxEQ8B
16331,3994DBW7fsmA9Wzb9WMctR4iGq5e1tn1Ke
1192,36ddM6rQZATYx1ngar9ScPsF5URjczubd5
30221,3E36jLX6c7cvXETbxnmyzQdZRmU2mG3X6L
13923,3JWYrcw7qpZByorqFdp6ju7dGL2r9RdntA
866,3DUpmGFsfWHz5fRFz48SSQGA9sVH5vwuXS
6024,3Jsig9xwSjfrE6PRzmG7Km7BavVrjjARFF
982,3NGiozDKKFnfC5S8jjJru4gcq9TLeq1iY6
17321,355Fti2P69dMNtnzhNiv5vn9exga3G57Ph
21103,3AJpzrSZPzBwpvzsZ5kiGQKyE63NLF2QE6
16240,37hN7yMh79Ea5W8BeGyKAXZKSUxZSRgvJ3
18476,3HwYAF3bJvmRia1EAYKLDWvKSqaX3XdEkh
11803,3QuRfS2jBoyDYndnxV1cdBjEF7S3C7xeo4
17234,38B8tapVh4wvNhc5i9UK6oHDLh2BzKqANR
22111,3M2fvTmtZ4RtyDeSZZunaYn4bembXnF56D
15383,3A8uk7UJQucGQDXksSiC8CbY84Bccqmj2o
31076,3J31j6F8p4bW4s5jGyS2aJG284HSM6oz8U
29369,3EBkejh7XBGeQGbnnSQ8vY3SxPS7x6m6jp
15021,363dVfYBBwWi3uhwkqMNkHNYE5EiNaebzW
12585,3AnB7DSTTqBkZ8wniMEBnFirGMVqv35ZwG
10745,3DjmEi9FUrY6SmxWYpmxze9j3wdjGjEH12
11277,36adN4p6TMDwiWto93MHwXyrpwnLwi1ohu
13818,3MzL8rgrSsG4GBju7tY1faPwVQZM26RBXq
5639,3PargkVKG5cA38iuY5aqhLqnAW612SSKzR
15371,3NWbnAJma8b6D6z2fyjXsVbZnHKN1bZ8fB
18588,3M6UMb1LQxySRsGgwBBPsyRYoQEApUyzLA
24740,32a1KJRgVKanUbBBEUbtTtmB28km7dyfMg
30164,3HBCFbcJKaixmhghssKwCZ5TkczVGD26LP
12420,3MmYpn1hr7onkG5d4Qimmjn5AND5cCT3ca
8563,3PEUw9pu5g54AJG68cLDR6BYKGRtKfS7XU
281,3MYcXFHpZB2hjhYG37U1mJ7goRPKEtPQi7
15496,3LkPaZCTKLqd5uD3xcLdSArSEtXFACq5Hc
14321,35G27kCx4H8GR8bBd6QVgHT7KH5NMjpun8
15023,18S3ZmdJLR5sxZE4f1ELRaYTBbX7EJHGKQ
31958,1KWN1f2EDRT67himrnPaocjnNZzGvyD97n
32164,1DX996mkUqSsKE2TpFZUjNxTTSPo9EyrxC
22043,1GhkJWXQeuEZX1fW7E7yxLAHdeZh8knnbx
25508,1KyZYvQFJQxJZfRHQMPnsH29fg12NEnXP6
7898,13Y24WpXYotFDAsgdqXjtMA1x7M6rhqbRw
6994,39FAw18aGGHbthPRhsoDCYij8XCbZ8nHoU
5808,35mZU4PFxrJgwjTojVK8hkP8zYMfMbKHWZ
19153,1AhpVSHXM62Tpy3Y1FkxraXf2CHD1kbpVD
6261,1JLyozmr7YgPbb9ZtvrKYQFcKB1fvazJ4M
10692,bc1q7w8mqgcne8y0kvdnps5wftttnn73tdqdarlt6l
599,bc1qd2a3xeydz7estmeh0ujm955hm4ye8qptk5956r
14703,bc1qy8wexnya5ft6ays5yje8z9vf9n8wp8vttl6gqt
10954,bc1qcnc0veage6ww9jwlw0q7rp09qxnuc2fwr5kk97
18833,bc1q9kyyr24t7ns86qeh2hvgt5d3pngt4c8dn8rejz
11467,bc1qrspj2aemqthljmy85jlws3g7hxqs7pcmgyy9fg
25404,bc1qzaxz6xcjfgaculkzglqt3phf9hy9gcgg3jrhyq
5814,bc1qvpehr5vrv4wzgcd8g6508ztcdhtekvx3ks600q
1527,bc1qs2l6szulpw3zqedz8h8me3zpjuwrj5n9sgce0s
21207,bc1qqqu29hl0zkg84eceppa0pgnxejyxy9zyc6zyme
3017,bc1qju2zrpzf7pr78ed02rz2u7jj92tpn7k89lk9fk
26056,bc1qu94ta7pkd4w2s7luxmkumcyvd943vkytnvc7sp
919,bc1q5a09e3x6q77sa4jqchxznnv40vrzjn57dkhtgs
19674,bc1qssdpjy4y6mytcr52vuw2mfm5z7ghj6sy56j9ej
5039,bc1qfd2kk8ewuk7f3lnjwurna7lun4ge9zgldudgmm
9970,bc1qxsv6m8auznk39jg4ldc82ee7lc62qtyfc53rrv
16858,bc1qyzg77dkvtg3sk7c5nztklp4mcthxquk3czppf4
2686,bc1qchdq7xcn349ncsqgnxkel20m8cx586z5g35m89
29382,bc1qhx6d4vvnnqluk0m374vm97pllrmh83hdk62p63
3166,bc1qma38jqndchsxddc39q2amg2ay5f6clkudyhtrz
21683,bc1q6aput326zptdcaex6tjm569ek09662ka306zhq
9091,bc1qm2vt4hv9nly8lgewj6zz5nsfs2udrfpgasz5jm
5341,bc1qpz7wvwwdt9s4pu0r0jvswl0cc8pss590yappyw
7146,bc1qjtu85vs5vkhq5rsvnyfmk40vfxp2n6lmr2l5u5
21845,bc1qup3refm053kf5taug9fqqd5azqq9zlxnrfa8d7
1501,bc1qkxx3uctu84j9k55pa608z7txmc227h0sty5dl0
2839,bc1qtw3h85uvdd8d9ncqx6hza5z6472cskyts9lppx
18001,bc1qk0wr7hey2lrzztdn3uk32a8w7cxlp6th23tqta
17991,bc1qtee20fvtjuta4erg8yc3n74zqv7w6g9n86u9aw
22991,bc1qmw58ftvf83jlag3srr8ue9u0xvf0dqmgmeps0q
16310,bc1qkfqpt0w5nze40puz45mlz2gjkdlwmh2rrq24wv
245,bc1q0dlhw8863z00hx35fxm0rkm24r6xe7m4njm7v0
5166,bc1qv8pv3tpsuvfmudmfesrx3jczcsved6da33z9qw
21911,bc1qex0v8z6zl8e5szccqelsed7l39xr0r7tham2sj
10008,bc1qr2ah69gj6lgnpj0ealt6kjtlhfyymawdk65293
12858,bc1q36889cxmzzt67k52an0xdeqjrssrup449m32p8
27577,bc1qc5lfllu0d5gkwhaxz4xnfayu0j6gx37779qp58
13108,bc1q8r8v7z3cuc4pkcdjaqtwpuapu924wj0tp4wglw
56,bc1qg4tmgcnhpqjjhyxde0w3xly0kmz4395j0gauhg
21386,bc1qr30kp64l2pd8mqpr899thssaf9lumu89lgwy7n
32252,bc1qr5y9nzc8lws369xswag0nkg6575umm0nhtzxay
499,bc1q7x4atqpah7gmtc9zuekaxcu2fkv2xqplqljq6t
25433,bc1q3eqnvepdqtkjfrw425vaf0d5qdknaalu75yuy8
9670,bc1q4eemjrt835kpmek0r8x3qlrn3v4gtwdqtg59lh
31346,bc1qs8wrh0nrsycrva3nvzgvl8pk8au8h369k766gs
151,bc1qpl36qpzp867p0v79v0atfk4hx8tvhg9jzqqafm
19698,bc1qn243hvda0v7256p8hqn4xavuhx2u5nv882u3c7
9461,bc1qmvd7ue7j8jyq3z8up258ec84twzxhjnv9appza
31260,bc1qexu0la9k72ehgwyxvxsyd6mqckc4s2c2xxn3p2
20689,bc1qmw0jt2hv2x3djuulkmrgau5fufxr04vvtn0t2c
22602,bc1qwdchkt7puk98pr44alryt3trnxmnr3q3ep5wn4
15976,bc1qqgdy94zf64jg3kh7q8vjel5d44lek2h8l8049r
18068,bc1qzuw658rjpfwzwqqt4sdq6nqu4pc5fuxexxnp4c
31812,bc1q9sdq5dq0jsqn6v20c6zdvndkkucryj0apu2tgy
20899,bc1q5tqyq9r2a9knypchlaknq3r26vqdeafxvt0sa9
26486,bc1q20smfn5mdx59ags8d9yesuwtqa9jxlxmlwcsg5
10776,bc1qn30nt9kuz03zq4jtcl6hegjkgfd2pvc8hpfurq
31824,bc1q2rdrqm5rqe9457z5xqq3gg6y5ta5x6vws6k9fl
8745,bc1qrx0lgr4t0hxsze3mavgvldudy9e334zhk8e2e5
1349,bc1qsrr6g2f0gnm9wy3pucsjp6dgdyr5untpdzstdu
16120,bc1qs9alzsyzeh97jmh6nfusl7qxregkq8f5zaj7uz
3456,bc1qpxhgc038akssz9tn03yf0lxyexp76q9vmvw6l7
1034,bc1qhh946hscgpq72nfqqc70y0f73anu6q7462gqjr
5804,bc1q5fvxpp7s4urgpfh30de0mkwk2829qpyej44te9
8806,bc1qsk9f0dfq0thjrt3zgj7zyqdxq3x67hmuw6m8rs
1337,bc1qu2j59uhz4f5ks2w72rd9a0gls6dyyn2zgcdp3e
18566,bc1qtjgus4vfk0exy6rvu99uuj2gkytdhcqh9rg0az
17181,bc1qc5y8qlw2wx0y4nlvac2jalhtva43l34ya4tk3y
11619,bc1qex8f9ldpln6wanu3yezaj28fpq0ngy4lp37llk
2893,bc1qe3r7rmk77metq5ymrmwk3ce3qxqkdhff6p0zlx
9485,bc1qlpysju8txqklvwxu29ghxlyekhwz98nzr0dv30
29187,bc1qzmf77z7wh3mrmrff9tp2m8844dfs8sacacuu23
22876,bc1q0lr7ncpxq0tz0dwaeqewumvtlgav32alnsrxc6
8003,bc1qxpu8pg9kxymdlg8ev9xht22uze8a9vtc8tf2x2
17185,bc1q5av4q0xfg38prh96ht2r0yx0sl2azcaqd2uyrt
16141,bc1qrc0mn5as95km8k7z7w9zkd0j7k8csl606twhpc
3919,bc1qp28sgx95lkqdxrvrd2kqg6n0uecfhclnpmxza5
29339,bc1qydqa3qsradfk2qyt0cx4x94tx4p0jssjwdvu2w
30473,bc1qw2pecs2ms95572en020m42t0cyxyqvjmkuea4d
6891,bc1q84nlja9jlhj0lf6hgau5lyum3uuu28ws7wudkp
1790,bc1qhpeqym98q7s5dtehc8paz0d0apx733f9gynvl5
19400,bc1qz08agt75wdrh542q4aut06rzuy0k4dpujmws58
7770,bc1q6sl57sdcfgqgdg93q9h5kje9ed5ld3whzqn0ua
22409,bc1qpyzews0f7a2vd0z2w6rxxnkquq8hpudmxtpsc2
9646,bc1qq8jefg6pwnck90yn9q9rfqgnmvtkmz6v7za2e8
15211,bc1qk5rsdmhzdezx2w7m4z4ff6c793ae2lrz8a62w2
25829,bc1qks6n9mfl73rsaxtrl7y0vum22eh6v8nmsxwftu
3671,bc1qf4vcmte29gvk5kq4up8pntmw2vtw7pfgnh5d5s
17983,bc1qt0n9ecad0gkys6533thlr048avchl9jur762r9
17109,bc1ql2mdpyhk92sxy9rhc9y9hm4r933wjt294vgrez
20347,bc1q3c0h55u37uy94annvkrfrnhm0kukzw0cuz2e8n
26996,bc1qynplnv4wp0e455x28dn4uuc2p9nwrnhtkpacd6
30783,bc1q5mzt6e5hhjuu48tnerj2ksdzjjkxs869lj00xs
9361,bc1qxqssse7fdheacvydvh8ermru48rus0wexwyukm
31053,bc1ql6wrc2jxnu7s949hppyfv38haalzz0gs7u03ax
24492,bc1qv3mr9jupqt3xsuamjuramf09cxzwyql38726l0
28277,bc1qzux0q27h2yhy9cfqd99k02pup4hxj8j2zt99fy
20727,bc1qvcpnfyzg6tzt0j8rqaxe3c4jgyz9n47d2xgryx
8837,bc1qx67y26yjlhkgtsj95zvhyzd6gc9h3m6r4ep3hq
19677,bc1q6556hagrh5venrmq4cdk33k07u475xmekvmxc9
19745,bc1qhgkm409wkr6fd60w0nsw5a6zruu3y2a8f4qf7g
436,bc1q2hdjsnw4ltpz6rs8s67ad5zxlnqy7uaa5vk5q9
26887,bc1qrdmd38ks49kafwwjgnhc9gqp5h8ndsx5k4a60k
9048,bc1qq4w80u4swvuq8x8c56tepywyertq2y8z33ku45
32365,bc1q42eks6ekd05utepde8huhlrpn2untak2705m29
6659,bc1qcguz6lyx782t294mk8av7fhzmlflmgc4q4r78p
10266,bc1q355y8ajxd03423whffg8yg45pm5s6y3n5jn398
27500,bc1qr9cnz3n80mmvykvk4ly8x37c9cfmw4hkm6f59u
13980,bc1qpeyxqefzch7qyn79msu87s40znxefqh7zzk8vu
8497,bc1qv65x0c5pdg8mj5k3k29a34uqjcqfye6tm8ls5k
6789,bc1qgs0se7696fdtpcp2rtruqdj5n3z6tv7p890993
8057,bc1qlwv0gurecmmxrwccr769nnqh8cqgjjh74rzn8v
23976,bc1qqjs30j884thgljafph8skyefkefh9qxqa9krat
6053,bc1qw8sh2gz9tjzppzm7r92djahj3wndu7jxfnv58c
27120,bc1q4r96uqugqnn3egx0ychhyc62p8rmcgnjyfk9lx
4101,bc1qkekyp262dwhvnre4wmeyaf3uw38wxa845vjyfg
4650,bc1qw250f4hny6w0c0sr5dys2hw94scnwh4qsd8nym
9260,bc1qrua8njeyt3e0wge6xw5cx8cn48s44u3zjgdqqk
21979,bc1qr5zr3nzuajtk8rf0zyf0t0gq4plkukznsaqwqq
28960,3KnsNXTYB6kPGzjEebCcnTSf1y3mNpPuUG
361,3HVRCD1RShHgHJKeCSj2zQZ2Gn4Rc7g5sM
24654,1Mbg9mtCVzcKKVURCqJuUEvTMPMJqsv9pc
8474,1LeDzNySDGQQCNcHj2Wy4WfP1fRwzTKYq8
30070,12TeZmJ1UvcEV4VTFVdwTjjPJnhrTBJ9cV
12958,3HtqQ9sUy9UGTfReUMdiDHyubnkVDdPruW
11610,1Kbz3gBGmC5bNAYgM2L2kDNL1BcAUBdXE
4412,1vqaddwUTxeMt519ATKWXQjWhmD4FsD9J
1812,13rSBa9fZ5TFoqDb1LxYMRzcxgmMCYAFHS
28637,1GAiHxUiTgahAJU3YP95m2KeFy5YrwJMA6
12021,1JyC5RkvmwPx3eTnY9is6zgiZ1EFBNBnRQ
2945,1N5YVgA53r5dLs7mc2adVhbtEfmrCsAyjx
21742,1PShBWAsEoFEr9Ho3EjD4byTmmvXK1k7u6
18912,14J5iCAFJyRziXQpEPg9AJbRF4KLr28zns
432,19Eh3hB7TV4ykE6BQtzjNtZ5WHehoejBh3
32251,13pHYmNYfeoJyBfeq8oAEWfpag26Xzs5px
8539,3KRmTBEGRQbPjSG2YB4Enpj6NpY4nKKnLu
770,1Mss2pbXwGMXGuYmt5z2xW8SZ17AKqsEBV
12733,1JmMqw2XFLbTmXUYH61xj9F4pn9xtysZKX
10379,1LPCxDeMNTXKiR38VnqbojSpR76LsD8Smv
14421,38ztFNQqyKdRCK3L4aow2onQtLeEQRnfvK
1342,1DZHyB7ANnyFCK4MfUCw5F3pVVWG7YPZNh
12162,3FCMou28Y6uW38xBzPXws6LXvCKens1453
20002,1GnbwNCSHWBK6nyMAmA9fF1ZGkeFY9shy3
28973,14RD4bSG4PzrPUkyHsJqkMfdVXEZ8S1uXf
707,3Ce7ZiiPPBQpxVQ5MhP13yDuXboAjoHPJg
9490,36zu48dp31JDwRx8Ef69aY3x8WqCQMy22c
9173,3Kvp576kCtDaqmwNMsoDBounsdaX8aGr85
10195,3KWnCKvYPk2LyAsCGjpP1YcAHNDE8d7xyz
17650,31mXKXMK7e3kh8mh8yH4Lj7rFnhxgUQUj8
31558,15SpviNQJDDCNvQrm9qrMz3V7EMzVhqPkX
5966,1dvhoJP6Cst49HCYtpZ6U3sBy32KToPdx
30874,3GeAAB6814gDv2xh3g9hXTzEnrXXXN5tt4
23695,1KuH5WNVp9QvUchCGTwjAG5FGPEfZZ4C8K
1039,1J6VA3rNTpsV8bsBvvdhpzdsxAT2pohrSS
6200,1DfDKUMzSxJD8dontsxTvXVUUBZrQ24ZfA
21912,3PQAQ4AUxsm6Ej6WgTCvbBLYFiP3Wd6bQt
32124,19V3YZPWMEHfKJomWqwNRpsRacHPccAMED
26921,394BZePF5svibHooBXQbk7Bff2mch4TKXh
17633,36xB7s2rNm4wLWGdYnL5gRB6VWXSsWrsea
4759,1Lo5Mfrfjpsfm7JzFPyUvrNzHVmB5AW6Zm
4618,15zfvinNwhgHhpYNBtSVaBC36c2uqJqK9i
13570,3J2dQ3cLGBriRJp6wRECujQR6pAcWxcpdm
7921,15JEJJbnGAYwLz5thHZPn7qcWYW5Lz2af5
13993,37snRxvYd4CMQtS2PSwzrRjd2688vQNjDA
23974,1N7YdXJcSX56PCgqziX7mL19XbXQ5QxdAj
21087,17q8FqYKC7re3MmavCeZSsKhMpA9RbGNhT
21073,3Bm3FTJBGsTjMu7v3WdJoij7nLVyihQz1F
23286,35c6SD4zWgeRhwNcXsco3v4vGEBQUhv7xb
1712,3961HpSgf4VpVS1xN5qF9BRw27ahi6td6Z
11718,3A4z7zxexWq5EBGDoQinLyGhTLaD3DL8gj
12321,3FdG3Xet8u4vZ7eNKGtFnb5FiyiuZdJeKy
7114,178XvYqGPN2HBRgEWRkMVHspk8YBEUT6kJ
13424,3CVnBKmDxGkz4DfA9QMq6Sacb1iuMaHNDg
9386,17DHt1hN4mWq3QTmQYVjZ8qY2tv6JkLASQ
26210,1PgTcyMYpseJ8U2oNyGstbsw6mxrfqUTXS
10175,3GgsTTcjEfNPM9QYoLXki3vkKU1nPiRXQX
32022,1MShxCUi1odr75iUb5u5zGnrpWhHyJ6HBS
31807,1MrRmDgZbb43RqWCKHdaMaduU8pCc6nNks
31376,3BVUtWKcgQaDMUAUs2xGohkY35ZS3xn3cc
21565,15SmHQAk6fwKaKc69nvBC7AFX21dTKnQVz
7502,39AuHDKuCBWxJZyX3NYnYLZ5vzA5tVoKpE
20084,1DRMi6xoJ1iK9mFYj4xp5d8YS8eC4rDvrp
21430,bc1qp5u3c8cm9elff3tmhenhu5tnhnrj0cefc4eqa52hy24s8uaeaukqvk0qyk
8924,3P5SQZdop2ApMRXisgCFT9EM4cfNq2Yatr
22262,bc1qxkrjc2qzqwxj3njzpjv9es0pka7k9f44kmkur7sh6hrfa6ne2ylqspraqr
14096,bc1qul7s6v976n72mhhaulucelxrpwp0trp9hcdy3vuhfy6ah920gpxskzztq7
11260,1B8R7EG76usoBfQ27nxz3Lijyy2K7zJ4U
25037,32b4isJtmSsL1YtsG1HBXThL1rBWVz2JDg
8536,1ErQaN8NvWTh1DhA8nUo3Yrcm37vrKyCaJ
8112,39Drs2Tj9uk8QQXDcpuXcmNt19xno71a8F
29387,3BggwR4L52n6d2XqER4HhggSv7dVX1zaQA
13257,3GiZipGZHh5MwRHTGoQHS6mD1Gu3Mg6pFs
26467,3MEUKX827cKwBrtzkYwDJAGxBmNQAQjFyk
14920,39NTLN3etkAkLpwhUCCuX9yEcZhkqpxcJF
27355,34dMHShL5wo2wDGVGXGWorxnxvn8MUBiqe
27958,bc1qg86k6xsu8hfm0s989k5slzfdaqkz66a6cncj9l
1170,12eDHiEvXtJT36RjgR5v7FNd7VvWpNQAWX
24420,39J1JYmKvKJAs3XQyXL9rCg4MSWozYhnDy
15199,3FftynyPe141bkUEL3QbzxmqDtBZSTV3wm
5303,3HR9iJTzFi7Liy2A4B8EQGZ2H8KZtuvwPx
23316,38T2CPLu6nzJ22LkRKpt2dr9kKnSfMBTAS
5024,1FXXtGNQRuvPVsL6L2HRd2sHqLBS5b6v4D
28844,1Jq9RZtYSrAyHXNi4J53ZFaQ14bdbYv47D
18272,3KsYHo6ZjJFigfE4dhnFka4d37zeMnVHHb
16095,1CqnRNhHBFu3rBi4MpBqjxpcgxjBp6dvd2
20842,3JLuzFVyLN1cw28xCLFtFtATeKTVAQn3rZ
21534,3HqzFaPjLWmpavMPoPMFQiK2kobzmdFixZ
28596,39iHUi6sgBXnd39m4poA3UcBQQmEnCbHdm
26812,3KXUXMEpPhzBP2v5gVdPcLn9D5fz22VtBC
15663,13nsiLFthTtqNHC4b7vB2SSsVgs9gug25F
2045,37Qod4MYufYHa2Sck8nCjA6uFCH8BE7KW5
1603,3DrWo7wkufXfnxCNkvfcCucVVVqUsPjsWx
6429,3DsN4EXvi6jRLc8Z7oLDvRM8fv3he7LGJm
1569,3FF7zUtzCMwTDz2xbfLK1hG7LKchACV25Y
5214,37ptQmzDY2YHYWWFV15ccrDyTsmZ1ZXtGc
5792,32nSwfgtwrm1VtadWSigEPg3Zi7v9Qsf8w
30627,36cPMZ64ihhhevTDzwzy812k1E4bpQJmrM
13558,3HMKNggDhFjEyqzCJdTRcDaXoBSg2cC1bk
26926,1MPJDn9gVrFfdHHYV1aVY6xqiJTpQUAEuH
30005,13qmdX6Zdg3sNChg1WVrnUNEC5KCRBVGPv
24489,33Nw82CvF897fUTad5FF58aTHHkzBNxMu4
6321,1JWBqc9nf5ff3BAS5H3devBcsLTJmiRAPT
16488,32MXzRDGUjdg6kRx2E2DM13PY69g7zBUp7
31789,3DTbsUPxTTKQri2RpguLJgJezkVM8SomR4
5384,34YNgJ3w3VUdx34UhqfunjQNSgGxN6YDQR
10349,36cBFbY72qxukmjigfDvz1z26bbF6B1Rbp
8889,351Gc1N4is4y1DhduaWxPYxcMoWi3LATnD
19285,3DxQmG1Uvf72wgsNYu77mCTQyrfedeL3vk
818,32s7znr6mBubXMuurmwkS2bvDdMd988FWS
31293,1Gr37T792F6NPraXeMnBsFWFyZ6Vnv8QvR
31967,1NErz3SDzfmPMeXd1FFFihmgW1YzKZUpbo
7364,1KJopjAyzZcAHz8WWGWQGs1dynWpsahuzD
5874,1Gnk2FCQDWd5DXAGWBngZX7Q56dWUEMJZx
3504,3HKT3zR1D8LUQCxfkKu8SFedoTyECPKcEt
27073,38uf2uKN4sYonpMsPju5zQK9R8Cw5tnhCW
29222,3QmuLf1pVgtGraEMRPjyCBp7Q4BtxqoGkx
24318,1BXnxtCYWxUzrV6FYBnqxMPLFFpbRsTE43
7051,3EJVWwYr21PFxo1DL2ZMejrBaEnfaXBiU4
26422,3QnbhSdwnmBYx3Dqr81fit348Kngv1chUe
12002,3AgtPzJLuPVRRqS9rJdGKBeEo8SU8LdF2G
11028,32fQZDH4gp4i5EzJErRvr7oqN5e1gaTEea
24323,3QdMHLrdn212ycCrfEx3i8A6jLytPqdMoc
25776,3AfAkZknrRCy1ZF6ZUsKesBSgix6XiM6zY
17056,3PXwH2bvEdBt5iwPed2pe7Cpfzts84vurL
4068,1Hmns4Z9dVDrYJVT1GYUxnawc7P476V7cr
2833,3EuKUbsQQZXMF9EcRHdoTNF6XEbmKbrNxj
2852,3Q5wMj7KKMt2ktp9Q55h4UVjAHf78Zobhk
26269,38WVZ1NM84xnpDCMkBYBRuzV2JUMSkbeJo
16276,3QZF2sA9FXfWnri5rk9cV3nokSErKaq3Sc
29033,3JCngsqpdbCPMCXrXmmibHdt6WCYNepfhY
12480,3M7JPYtyxhWmDasY3Um4UnEx56qAZDBuG4
93,3JTs2WdRA4UE7KAnHk8Fgng48zr9szhRRz
30542,39DYWS4bU5YqadEkV6kcx2nUjWVbjaoQ4g
26192,3EYX2nC597YHe6J8SzppNwoMKWANrusCCt
26939,1PB5ZiGYXEAhctJ7uAQHDCem52JuoB4kA5
2535,3BZSxHGazqLVA8tc2uCihVvkLuq6FjZh5S
3425,3N6ksdonXCXvLwTYTjfEdivCxmezFaoYD8
30626,3LEbCufh2fHGKXHgJ1gcdUhGQqHVafjEr4
16550,1J1Gs2eENVCjDTHYDUvcFeftW2McmUsY9D
2201,35b7uTvdHXjf5ABkXrxjtXepWxUksZcJUm
29757,1K4Ye9amvWaJYUbvmMqDPYpnaUCmCZFBaT
5745,18k4k9UvfwL7F2H2DpoH6ziR3FHU6RohJR
31592,32KQ9N8mE89x4xvoHQ47ddeWSpRh7AzRmW
6240,372SFnPRUSgHm9NR9JjJ4EBY3JwK4yhkgA
14488,17rMAPvDuDvA8XoUY7HJhB1bsQsdpJBvRD
23300,1BenWofQR4wjjMQG7FN937r4usBBrVU4YL
15968,17EFEq5ubZiMruuNJ7wMG6XyoxLUpDjJyx
9451,15NL18HjqekVUdFL3PLVBSkFayDpnDY9wx
7930,1PsYFxFCsY6bshSdsstvkuUbEcPZJUekuS
17445,3PcWGj6mFV3vhFR48jLkuxWc59rvMQvVVu
11428,3NoEkC6DEiXDbscEwbgBsxFGkgty2QfFHj
6039,1N52wHoVR79PMDishab2XmRHsbekCdGquK
20528,3FJt6i13CFHNufzkBpJUMHsSUsVmrAy3tM
29037,1KBgAMSrH2qygxb9w9tyBQFpyMAmfn3PAL
31867,33k7ZonsEWxBar8jb2heJzXQaygPZMZ2Ga
28364,3QkYWsT36wg7Y3217jm5uhWHp96LG9wTsN
13045,3KweDu7DZksBbH9n8EUDicB55Dakv3vxWB
20186,33ojXHta5zDdPe4WHcaiq32V2Ao9NCAgdY
27384,3NFMzL5bCjrXaFxYBs6ce3j5xomWMj5EaJ
24093,3CsiKbBDZ61JfvA3C75aj17Jgrtw4Y3LvE
5638,3KjJ1T18MCE7LMoUL4imeRCsXTTLFE1iqA
4521,1H5eFnD9VBiqdBYCMect5uUTQdiHtdQqgE
1414,187GCknBtuJWptkH1ahDU76hq6wKCt5zWS
8545,3KGQBABw4PXzAjNKQDtkukKaFAsdisPpWP
7389,1N4ocMVfrGwaWjPMB8C8xVQqLgfjLEP8Rx
15824,1EuAZngYbYe3cYEHb1B6PNNYma4HPQeVCN
20855,1GFDfptiPhvbVvnpBAdYmDbt9AD5EtLpUe
19858,1CS9aoLfHdhLwsUQP5hksc2fwKMzq5VF4N
12457,13Fa6iU8Zv6iseBcmig6DieooTTLNgsyvm
30751,143TDRNz6fJbbFYnUYGubPnvv4wSQocrQn
1089,1NdAzoZhwBKJwjibSS7n7HqgT11EkssCfT
21762,18E3bZrHVLaAnQ13BqusnQRJNe1ZVHGyoi
16659,1ExKx5cf2a6HzA5Cg6bQdKvZfjJGtqv9XY
10489,1DXsRADnkbUynP7MEAg9n3xSgeCf9Eaaix
12211,1EDj9Wu8uQkEQEfjGDjuvLviG7F9UUG48o
22732,1K1X6xbFMas6xeeipHZXQMTFHJkyBkvy5q
20411,1Gct9eLAQK8Bc2fE4zMwHGmux5sy5fadpk
18167,bc1qqamtpdjuvwatm7z35sw4wxaukj0slls2ug57s0
3893,bc1qyqma8x9g2vssvjp8llpntk3dgewz4eqk6qwgqv
13726,bc1qy6tcwh0e70mglzk6ae5ffltkr3w2n08nvwpw5e
11727,bc1qh877p7hwpa7c20fh234ey0a8ppyr5v2042dft4
482,bc1qs3dcf5a4t58jfvvnj6cftmmtqng0rhx6ukm46q
3375,1BDWDuqP6YmZj1xfYWFAVYntuV7mhHeZ8U
11302,13e68ZRbkKkYntepfEvyjL1vuDcp219acr
5460,38tqWQhGbTp2PqoDuom3i8tuqNkoxSyApr
23588,38KhuJoT67Thpp5bbXuENzVx79oRBj9tuL
16716,3Ny3eaJJjub8J62udB2V3knsjqTpWGdXzT
23972,1KTtZ1DsmNFY8PJ9muXJE4AbvEs8WrrgTG
25854,37T3KLV8e2YC8q7ithY98GVUiFky4svL5B
5485,34uha9QRWvcipP1Q3fKuzTiHfsmsXSZpTt
25594,3CngqXX7TeRMCF1WzuEcBBKQaXY76yRu88
13402,32Ds8Fot9eHMinjcNDvip3rbUdiBxJqepW
1985,1PYkSfwjY6g3ffm1MFetBDTw5eCYU1Eicq
29444,358SwFgr6LccAyhZKBrvMAKyhFUC3vytYq
12802,3AgvJKUx13wGUi6xtAam38Q1SDXS4kk3a9
1484,3776pkiJ4s9Q3TN8wKGyQEjW97AcGaiiYA
29585,bc1q8n328md0pjm8e8edkkeu4xk9ahqhp68r69f8d8
27086,3Lk3jv7TjB1cgKpdnVuUPHgRpwyDQrmUvC
10585,3MQK5FZ6Pz2eknsXHVPFLYMm69D5BC15VC
21936,3HNXVcnTUZi7N27XaEbPjGFbdxXXe3ZLYm
27911,3QCyaSh3UF6tEGA6ufurWWUaaYBrT2drAc
1028,32tje4q6pfdsUmTtkhixoUPwcwnAvrqgHk
31540,3863bq8H2RLd4bzQ69m2wHwXvSFQJNB1bT
8098,3Hv5WYPX7xw8a3wntECNTzmhtaJ83aBiWX
4143,12RqY2zNgJzUKZzvq4YXepJ358ZQsLKMY8
29064,3LCo6jJDmm3Xj6UBbbN3nH8zbEf3FFM69C
13044,1DUsJDALzqdF9rSUNMxVMgY2JvQ3ob4Yc4
15948,3KXe8bBQGq1YZjNt2iFJG1Kqoa4tAXzgYn
28326,398A1nv2yMwa6omfSs5NQnwhP8PLRK6iFU
12108,161wrCftjdaxj9j4GR9Dd4Guvhq9PoBYku
23549,1EsZCPFZBaR8XwzrwNCs5fsWkSVzBVt8gN
17259,37DFRt5RALvwTvY5KcZjNySaovX3HYDazD
21829,359ndrR6TyjH8hycxf1fk3pkgF3nCLjxDt
21650,3HCYLVpb6QWvSbCoPzFsoudmZAx9MoAmSV
15643,1LzVij7BLwPJEB5BcCSe6k7Fg1YJdK4VGq
16075,1PGdCSV88N23oMcwvFFaTS7WYpRJrF5eMq
4415,3APrciFyBPXH1xjomVVWMZWp5fbrhq2hmx
4559,12bXq5Mdo6b1ZoJKzmeuyeRYSYeZHQs5Mf
11986,3DrD2Y2UsqQ99tgVVEYNRVX2vhdbpMezXZ
10467,16VRanKfPuv9m4F3Y1vvA7nGHSnSmtFmVL
22583,189qm9tbsGWC6QYv2bZ5PvVe1wdacWpdAd
24202,3PBZaZHa6FXo2g5BhBcKM83EHiGN6sULrv
28256,31w3TPZ6BPTCxwHFaZWJd1GmxgomXSFfmv
22914,3LQBEwrpVLUDrYq3GbUdaXimM33jUFdfqr
24158,1FxRFf1oWnyTwNSE352jR3sFFxm5qVkPzw
22742,1P8drY7TgGa3mqWA6yE8LLGvj4TrL3baxa
28237,1CCYQF5tu7KdGsVz21b5njz7kAAiwyBwgz
116,16xDWrhTwtUMBtFqsS7udLdeZS59izurQW
20717,1B1XZkLsXijiMtNXmJtRVBZzkVAqLPhVfP
9854,12QmdYqkphDuA84menHewt4bTGfUxSgMKZ
30209,1GuCsx2ry2pKR6jmFqdoNw9c5g3gCXPcaG
31235,3LvxJd8HbNikHWmqQHPHif1NZPS9oBcBg2
22829,1JHaBxpnvQYffWS9jX2iy6TvQG3XyFELuJ
24871,112GgWrbJSq2XK92A1MLf3pMPLdJmKcxok
9906,1Q7CEaM3CQ6ejGHgDZNbdTTAkoLcPk63nQ
8406,1DRqA39W9ZEkn87XgS4wS4fKmE6xbt2Yip
23494,15UQnMn42ruHgs5yHyneWmFNnMCokA6jkz
16097,16LModMWs6aPE7KGKpTYppLsVrohBcuYa8
19417,32iMJShRYBsztfNTfux2DVviC1aUjWdSmq
16171,1JxJqeQzxPWXjbBRbRJQ62B2yoWCma4vxH
7194,15yhLhBLk1kx9AK7rfK6aquvEnqmXR7Qt9
21946,1MeNUcgHcnhy5uNhnQjd3C37i5gsnoewxX
4979,1PmXNZp75eTAerJNjU8DRSwS1pNXoszkXy
23565,123Ei3PBVJEzNBggzwinxtWCgk55uT9VCF
21468,1NeDcLNj2rkCF9k39S4Vf9k6bZiudVYAUW
27199,18LvHQZ7wsV9YG8VQzu4dV66ePNAd1w9Jp
22768,3EGrMfKMNYP4yLufid9eQMkhAgJ7Z8iy3W
8718,1MWNWmijrhLAo7BnxA7nyzra7emZR8qSQZ
12099,3MEo1omweXFe1s31UoZtfczKMJiNgDVKa1
19245,15N6ahZuxQG56tt4isqyJn4JxSDTQ2YpCm
10479,39WfsHwWfANtDo58Re7hV5VCd3xpAdhG68
25290,1BW2qizwPMrFGfZw73YFW4Yeu2hpd48jz4
13683,16zsYsB8BdKUJjUJZhdCmyb6YCrQPpTLyC
8862,15jpY1sH2ARnVxcGepwUbikzv5BHSo9xdM
21469,35hhfsNbd1R9JzbxBg23cQit6GAzKKW6dG
1644,1Q5QrVFhHS7s6QEZXDSDTpwdzrhwc5Lbi8
20926,17Xbcv3QezkNGRhaxXQo7PUmtgTCTY3HkA
16420,3GFgN4paS1YFnrr2xqRLwVT3d6imCEoz5d
9584,3ECperkji4XMuttfdDDmFU84HnYRsEePhk
7537,1PuYYjef4Pmmq1fX6VqSN8ohvvpLj2i8mb
32078,3Mg9wA6kJmQVjMouwEGhPb6FTTEA83pGo6
19367,18XyWVaVC5DCmTLS8VTFh3L9A36mSsEVy6
10173,3B3zTvN1FqMZqTSKKJf4F2YHJEvZnds3eH
12474,3DfcpPEo163m2SmLoomfJ8pkiVtBaa3Bsg
27847,3GTRsJYakPbAKoDp9nZwcoVF6o76rRhLdn
9478,3BNRsb33HPXZ8P1vModvnY6wnPjGddcDLG
14094,38eGoDtkXjPEx7pWascGJdbhTd3zbmXN7G
6180,3NMcuGLhWeE6qxET6uUL5nKDcCipeuu3Jj
30482,1APNcrhUSoT5xfo1c8p1TEP4r5jDaQeVQT
7032,1GXn9mxRY9gMTSsu7qs79gSgYQbL3HAxLx
28553,17ByZUAfNtK1CsqyhR6APhPGiPboGe2Ttn
13852,1GUfEkxn1Urvo9jATkTVXWc7fzePjiewQP
19794,178kenFk49n6zeg5ugJRGghRfBbCXJysGA
6731,16ahfagyYkxyzFuhm11tgFcscdFPA5nQnR
29171,3HqboFXp78A72sGeEPc4yHk7HBdSBueCvs
10832,1LawZv4TqWNVZ9BjNbT3852TSiht349gFG
26697,3K9BTp4b2oByieDwBLYeYZTsncTKWiDHwi
10678,3JAjV3cuqPYX4tRFptG1kgXfgn3Pqd2AA9
25703,3LdCzvniyojb4eoqwGJFjqpHcLsitC32rJ
12664,3F81WRQL55fwudrXBmQ4XR1SCDaXvC2RKp
23720,3JY6fy4Pz63XWeQaJa6JX9yWj5hoyvRsRH
3047,3N3wpMb8nCHUYBoXU39iyeBtUYyMTctNnJ
19268,bc1qvqj735smkz5d0qtyqgsa5rk7l0sle2uc4qfy62
20539,3AGfhC2YFHxj4Gqgm4WJWptGMKGJvzHQzL
917,1EHjyBYtxFhL9va16dadrwnPYxRKS3he7X
20035,3F9uhWZLadiFoAQ2MbfAvMfqRZQ5ZMLGqg
21251,3Jqopaz1JEphma1WAieLnNxMhk8QbTKBvB
8886,1GbjDP63KPeywM3FVcHrFme5iuVSggxH1Q
25620,1MT4C1JcykcdxYkCrrujeZMceZKxUHGYWF
20149,3KmUhZksGYG348guSgEPA99dKjkWTjLu5W
24558,3QTrZnejj72G3Q6gSfuFTijNdnan5A8WcV
21110,3BLqc7Zgzz1dBQbT1tB4FygCRGQvEBcLv9
31391,37eYnoB7RyQKPxKcEati8A2kXt6oeYkMgQ
16556,1P2UVcbok4R2eb9LRhNSeAkdmr4fSM8onP
18520,bc1q0s0mszhuy9smgx2wz07na6ng5vrdvnka3mw3y9
26843,33mdUidNwh62FwcfwhehZDgSje8MXYfdp1
8710,3Mcb51rivqtk2uCec72HS3T4V7N8iDyRWJ
8786,31qR8DDyYVktnpZjLetacS42CFnRrb1NQD
1942,3J3HY6b8dddqawqvx8QQbN3qW7981nSJLH
5240,1HVYCFaDNaCNbuKW3vnGnDCWBvS1xrybFi
1120,1uTQs1xfNqsC8NTqjd9BFw46HjLyeDPep
30525,3MCHERpF9UvYr1KwDVmMiTyE19cYTeqtsS
1737,1BhMxh9HauKEsUGdGqm72kFL5hJGhNnEwK
9810,3LEUhWHFN8KbCRtNJg9aXtZ85qfVsfKmWA
16918,3C5d4xuDHphAacw19csYrztCbup6MoPTvB
8450,38WQftuZThGt6AT2J6aceAcmvxWZx7tAP9
30893,38sBYUW6bJGb4A6nLD6aKK6pvDfcmyPvte
27114,37UZiFRuoyHwBzQdHdtozxhEKUmTEdj3zD
23469,3PsZ1KKVFQHyME79m2Yy3L4U8ZrZK3F7u4
26021,3Le11a2EiNCniTP6s4d8iC7qgpAnDS4yPo
13437,32UbSoz68fGYFu18LDfAYLU2x4WeGbfB5a
4,3Jqj5zt2bwRd6o5485irBg5KoDanbSr6eC
8196,37bxUJBCLia42QDVuZ6BpDi4j6JBquKuFW
18518,37JRJ6Zs9fyCfLR38bBb7e7GE3npyDPGq6
8853,3Kb5jvhPwU3ZqqLjMFqCdP4hHB3RBbXDgL
26145,3MP4Mrod6Fb53aKc5SF4Nxdbw8AcStf89r
18407,3NVVhCqMMwGGqFwXoE1fWxUh39K76KBQEJ
15772,3MKUUkiPg8xhaRZ3dyTcRnZWp7zGfJmJ52
29655,3ErqTeQi8Mp4J16GRsN2kmZmzao7VxR2jZ
22300,3M38rqdwEsNEGETfSsqrtaK9j9H8tJ6gBb
22001,3G5Cb8duPASa9CxQV2e5ihZ9Dzcc1qma5P
9601,1LZfRtueiUsYYVVXgSyAmGgjLaB5QRd27
2277,3816sF84z1vRUysZRmt49Ng4xsfdyyRmxk
20268,1MoowTjeSP39drJCwkNEiHHh1diHDyY61F
11682,1GAXTpQESrSzrhQ9TAYPhzLn4qS6y3yQxD
31825,3GqhG3KE7cKNe3CvkBQREEghFGsrqxFSvc
27789,1E3jcKNC79EaAfajQLcrpKpsUwBJG4zTTP
16949,3KHbvfte3dYNvHsp4yT6LjSseguxiF2xwH
5621,32rGaRVevwCfCRfHYutdBKDgMTMpLuSrrz
26080,3PAfKxLJ7hKKZe5pcEPRQ2guJRBG8MtpUc
23663,1DDd3dfPjCyKU8GcWt9H6Q2MDse3SEmDwB
17638,31m53nQckNXgbXJNzMwhFe7KS2aBYj9eed
17453,3EE72soJoetGSMkEhPLUpLKMy1UwbFkDCx
31656,3G4LtF5Ejwxfd74fBFr61LvVXf5wPeDpsE
14013,3PfQ2B9zYLcQXaiMeshfQj5my1hCGcfUB8
30474,3BLLWhGwvDiJzXLkmrhYjAQvFm1QkmtfHr
16604,1LZmvDWVPzoqAzKK4RuVJJ5bAGHy6JAdzc
2862,bc1qczl0395hvxmcn29pq8g7ua7jcsgvf6mfeshs7l
22535,bc1q0h7ksnpyw7gtw38k20unv67euye2sknpm8v8vr
20763,bc1q6ad7wkapxsl0u4ng3x83whxtjm36a4553cps6d
25770,bc1qhc2rvfth2vngcq43r0psmlapduva6rerrnsm8s
8600,bc1q0y6rtcq59wmp6l827pdnjfq9je9ufytsqh84dd
3949,bc1quc8s5tmp3d4rr36slm29n6a2gmd4ty6stkn5dk
31166,bc1qjk3c4ekmxavrfzmudh4mqz488rcsrzrujqnr0h
15144,bc1qx2a0ts8us4r5dcxl4uumpj92v0chmshg9m5sql
21339,bc1q6npnn9w4qnq4knjrw2xn43ev4vvl5d6tec2kgu
31878,bc1qpyzlx5l5q6hu798guz8dsfr3uc4ycp8ngvpp69
24693,bc1quza7gaa60g0g6ulec0t5hl56kxgvmjx943ylww
20096,bc1qur5zs3auhyh3tzsuengwl3ry7e0f465dvdllw2
19641,bc1qguexz2an67hkllwjarxpc592zcaf0nyuycg5gv
10050,bc1q83sjy36mkm3572562zwl5e8l5mn2uf6c8x36k5
1983,bc1qmf7e3jmvjq6p0zqx3htnng9xuuhddqqlqzh2pk
32297,bc1qnuk0fkqfan69j762hwr8ptn7lgm7tgljf732zn
12003,bc1qa24tsgchvuxsaccp8vrnkfd85hrcpafg20kmjw
20922,bc1qda6llsvqadxum5xy9tv9xdrwq4klfqn3zetccn
8019,bc1qtlfy7ws96g2swerj9s8skh2qckkyaundge0cyq
18461,bc1q7uqqnj07w7ttyw3wv0gagq6v2642k6as67fn4m
22804,bc1qvwtjum6x55pakndrr0eqvc7nfsgpq5g64ya4zt
20971,bc1qy4jvakwysupwcuwf7zce33n4w0vum0asu5flal
24024,bc1qrngjc2lrlqptqv3tk2sdf7kmk2szuen7thfs75
4007,bc1qdpqz2dwj72crv5ar9f5mj886msg39f0ghdtdc3
8590,bc1qgvx68qfgwpcf99la4xca0h7av3j9qm4d6tj6cn
3159,bc1qtgh2pfz48a2yhu94v0q8xchvl5mw2gangkt80a
5151,bc1qfw2w7zhz3598qp92wvuw64p0vdy99uq963780j
3628,bc1qse4j7re09tptkkf4zhwrr6ctsml9etqlxxclfe
9532,bc1qyxf6nf9hxeg0pu5n6aegakn08x63v5677crkvl
25335,bc1qf949q7wqu229jruxa9nvdew40qycq2utccl2tg
2235,bc1qnh2p6pzh0r7nclsw038ycayqntprp50t6e2zwh
15405,bc1q3w93rkuec7szfl6vunu6e28m2nrkkyx05f7mat
19390,bc1q08qcp5unpwzlyf8hvsum0tyv5vwdrw8s84punn
18128,bc1q6qvtwvyhc7lm4mrv6gmzpl7tpzw025z493vxjg
6295,bc1q8dz0f5656vavvvyh8ljqqjfllfuwxupkwn6rlc
24174,bc1q9wf4022lqkgh84swmdnlpfz07hdw45zgaxp6vz
11862,bc1qld44lr3zyukzk7zvps29u4read8w39cf7p3dx6
14554,bc1q9cp8ck2vc67y5u0dy3p2uu6qpactcffylk4xgt
13220,bc1qy2tszl2vjg4cwwz8dn3j7kcnplvfl3ccheytqs
19072,bc1qqajnq6u4n09kmen3wxw6kntm4lq28jvvm3tnlc
18149,bc1qpzg6d5d3md8pn3egvp3lq55prdp3ukymak95x8
1758,bc1qhlztyfp843kfnszc9qalc8xe0kgzttfvxcc8cv
22223,bc1qcv2gjll6j3gpzd746saqpmv29wr5m3g7fs8avf
12443,bc1qmhm4rl4ktsv8navawd0qy8hwjnl7daluemk009
877,bc1qjlsepz9gyqcehaphj4h6epjpdczw7eck5u8azf
12006,bc1qpctut2efqsuf7x24rjzycqg47ruzuzt4a4kh3s
5718,bc1qz8xq8fygxmesxssams7pmwf9nlccmwls7dumj2
15665,bc1qt8y3tr92hpresturenyksjpym388qyprmge7r0
11854,bc1qwmu3ymaaqlljexglq8klem3ty09cg8l52f5us7
4275,bc1qtehyjwwka5zru0g6t3k9qanrxptaxm6mvt7ljl
31503,bc1q92s2h7y28va2xnvmxsdzxujkwtfujw0ahneq7g
10007,bc1qc2n80czhyy5ak3zag99zmh62p06dmg6fq5y950
25972,bc1qka03ntj6dd5qclw4fzpqkjqcfz2yeped2g2s2n
18433,bc1q2pfeuwyj8pqlhz2s9rtqxzg02sk46803yupk0d
19175,bc1q2s97uauwa4hu67met8p6grv0jnh8pqagqac5un
17123,bc1qtat8lwkwkgp39e66l86ur67vp8as2flwyqcyva
10336,bc1qraamvg5w7mqp92rtt20sdvr4kmr9dps6q52s2n
28682,bc1q7ldqeujvy9kfdrr250c9fz92yeyvjjrxnje79x
25634,bc1qcyd0wqcmm006q4ty5ps3c4mr6cqxlpsw49dwdz
26109,bc1qr7cl4ja7hn94w2xy8hnvfmtxf90j68nwxjnlkj
9195,bc1qxtlxc3mktaxr3ddw2lghclp4krkv83qdz2fgjz
14065,bc1qdyxvqy46k7jrdqk0pr5z2yleua3csuk0r3kak3
2869,bc1qlpnq0uq8lhuphv0ejrydn30a6q2t5tqa9phjfu
5962,bc1qgeefs3srs0mdvgwrue46l7thauply38ya6f8us
25292,bc1q9ra08q6f8skk7qkn9z3ppk8c2x9duz8ra6av4y
14088,bc1qlunwfhxjfgmx9hjfg2ae39up49fnz2yayqelxj
27898,bc1qz2wvvftrxlhlp880htx3zuvqh7nu2ag7gx32r0
24203,bc1qm0e83k9x6yvtq0rdlwwkantewaf2hz6tla08rq
30416,bc1q6l0dn599qhen7dndvls8c9zrnpgxxath76kcp7
21696,bc1q2vh0mq4t7dgcvktdx5zwnt8757x09e4ucpt2qv
10172,bc1q9ta0uckmezwvxtnhcjzt63q5sdugxgqyljsyal
470,bc1q35v5p7vemt97qk4y77su2m4tku76kj8zdvqeyq
4443,bc1qltuy6ntaaketu3rl8nlt8l9zcrut73afgvph2k
13458,bc1qznuwlnr6mzja4xtygl6r4thcnhf8kc4am80d6d
15698,bc1quct5wgxqkh3vqnqukydnr9ca6t3ctuny3z04d6
19982,bc1qupgnhfcvydgh6hdqjfx3g733znp2udpe9wdd3q
25534,bc1qj9uvndz98hc0f0qzv6z8ct68trmcxd6etkzkfq
29787,bc1qqxmjvjqtftspy6pufz5qchx7x60qztgleku2pm
452,bc1q9wrtqkqfzzygkkn3kz528hgtcl4tnh28fgqett
4249,bc1qdgv5dk9rjrrzffmunq23vuxzw8dhap0d2w23ym
15609,bc1qv00swq3zf5w0hgrr2vvd0hek48pqup5ue5llrj
28971,bc1ql30nleeq8up0x783tcf3h6cpt6qc7y6myxly33
6389,bc1qeppa5mz8vws3hv0ckmhp9e8uhw43vdzznf8av6
23454,bc1qt98ms8tw8wrzmc0f506h3kl8td0kvrpps2tra9
30556,bc1qqu6nrt04k56z9et47xjr83xhfwl237qkpr5cmc
14485,bc1qxpmaha84c3htdr9cr8cs2hwu4ragwak2jphqsv
1118,bc1qafhz0rt0z4f0frjcjdy0af49kanuw88nutu5g2
24091,bc1qh889mg5nc6rlhk27wtgy5nquaewwctakgt65pv
7805,bc1qz70yls0k7njgg5nyzeek7dta5ee5gyh6hrd0xu
6709,bc1qpcr5fhthexndr00re8qvuljy7e2mz63np3ykyy
21874,bc1q3jt2m8927ytupxdqad7pjvcqcyr3yn8qcktp94
25008,bc1q86utmf5u4gf69c5w06yeelq4jgd533c4sqmhx0
21943,bc1q6j6vgd2tjqs7ugjncjnx0wd0vj82jsd6ns0hd9
16777,bc1qja383pdytsaady0gpclfyuc9k52zzaemu0mhka
8023,bc1qphyj5f08cslhu75yrqtkqsw8v6enqtfzqrsze0
30632,bc1qagqrxl0ch6tljf32xevf0e6m98fe2fj79206s2
29732,bc1qhar0d6fdp6f47zxxupd8qc233f4jef7338ch2q
20063,bc1qqzyp42mfy4f6n2kdlr4gh5q00nsee6c7nsnnh7
22711,bc1qzky27397tgjug7tx29svpve52c9wsw2tywte2s
8521,bc1qnrjg0h99qsc4suumcfe47qw4rz2r3vu2hr4a92
14797,bc1qwv4q2tqc3c2sez7c7qghyj8l35qqtd0ky5d4r6
25492,bc1qq6xds3q57szsgjz2nfhm3zhw7s2q7l9gw8t769
5875,bc1qpy3h29tq64edpkmfjulc7h92qyu94ggk6lp9sh
9759,bc1q3340qkw0xer3dx7tqlndw7ygq536d0makprmta
15782,bc1q7uknez2lyka4d5z6rxa3jea0h303w8ny483yqw
19836,3PcN6VdxHnLasnuEbnFQWF3NxrMCr3fr53
20296,1PB6NgrS2HUbsxJtYwG7SD9Gjrfrrv1ZsS
